unique.ind,date,village,id,latitude,longitude,visit.month,days.per.visit,visit.reason,distance,other.visit.grids
1,26-01-2023,peki modi,NA,28.59999,95.346575,1;12,20,trapping,7.91,1965;2022;1966
1,26-01-2023,peki modi,1965,28.586219,95.270055,12,3,ritual hunting,1.3,1966
2,26-01-2023,peki modi,1966,28.572114,95.290169,2,6,ritual hunting,3.28,NA
2,26-01-2023,peki modi,NA,28.608758,95.326989,10;11,3,aconite collection,8.12,1965;2022;1966
3,26-01-2023,peki modi,1906,28.641249,95.236163,1;2;12,3,trapping,7.69,1907;1908;1966
4,7/2/2023,katan,1746,28.341018,95.157406,2,6,road construction,2.87,1747
5,1/3/2023,katan,1804,28.330782,95.168991,2,3,road construction,2.37,1747
6,27-02-2023,katan,1748,28.296159,95.161841,3,6,mithun searching,2,1747
6,27-02-2023,katan,1691,28.293017,95.121031,2,3,mithun searching,3,1747;1748
6,27-02-2023,katan,1804,28.330782,95.168991,2,3,road construction,2.37,1747
7,1/3/2023,katan,1748,28.288749,95.148803,1,4,ritual hunting,2.51,1747
8,1/3/2023,katan,1747,28.329669,95.164021,1;2;12,8,trapping,1.57,NA
9,1/3/2023,katan,1749,28.270901,95.15613,2,6,ritual hunting,4.79,1747;1748
10,1/3/2023,katan,1804,28.310515,95.168886,1;2;3;4;5;6;7;8;9;10;11;12,30,resident,2,1747
10,1/3/2023,katan,1804,28.32925,95.182789,2,2,mithun searching,2.71,1747
11,1/3/2023,katan,1747,28.331573,95.15882,1;2;11;12,8,trapping,1.52,NA
11,1/3/2023,katan,1804,28.329513,95.169425,1;2;11;12,8,trapping,1.86,1747
12,2/3/2023,katan,1747,28.322937,95.154273,NA,NA,rice farming,1.33,NA
13,2/3/2023,katan,1748,28.294187,95.13833,10,15,jhum farming,2.98,1747
13,2/3/2023,katan,1804,28.313831,95.174776,4;5,7,jhum farming,2.41,1747
14,27-02-2023,katan sibum,1747,28.312564,95.158139,1;2,5,squirrel hunting,0.2,NA
15,27-02-2023,katan sibum,1748,28.298187,95.15195,NA,NA,rice farming,1.64,1747
16,27-02-2023,katan sibum,1748,28.288648,95.138404,1;11;12,4,hunting,4.52,1747
17,28-02-2023,katan sibum,1690,28.330854,95.127542,1;2;12,8,"trapping,hunting",4.83,1747
17,28-02-2023,katan sibum,1747,28.312564,95.158139,1;2;12,6,trapping,4.19,NA
18,28-02-2023,katan sibum,1748,28.298272,95.145002,1;2;12,8,mithun searching,2,1747
19,28-02-2023,katan sibum,1747,28.3163,95.145417,1,2,mushroom collection,1,NA
19,28-02-2023,katan sibum,1748,28.298993,95.143998,11;12,6,timber collection,1.77,1747
20,28-02-2023,sumsing,1690,28.325276,95.128669,9,3,mithun searching,5.74,1688;1689
20,28-02-2023,sumsing,1631,28.365207,95.101174,1;2;3;4;5;6;7;8;9;10;11;12,3,mithun searching,1.28,1688
20,28-02-2023,sumsing,1688,28.37432,95.122341,1;2;3;4;5;6;7;8;9;10;11;12,3,mithun searching,1.31,NA
21,28-02-2023,sumsing,1688,28.36272,95.126154,2,6,ritual hunting,0.87,NA
22,28-02-2023,sumsing,1746,28.347745,95.146254,1;2;3;12,8,"trapping,hunting",3.89,1688;1689
22,28-02-2023,sumsing,1745,28.367954,95.158922,1;2;3;12,8,"trapping,hunting",4.32,1688
23,28-02-2023,sumsing,1631,28.367485,95.080071,1;2;3;12,8,"trapping,hunting",3.66,1688
23,28-02-2023,sumsing,1689,28.359127,95.13002,1;2;3;12,8,"trapping,hunting",1.84,1688
24,28-02-2023,sumsing,1631,28.363436,95.099685,8;9;10,30,cardamom farming,1.83,1688
24,28-02-2023,sumsing,1690,28.333121,95.128557,2,6,ritual hunting,4.19,1688;1689
24,28-02-2023,sumsing,1689,28.340062,95.108929,2,6,ritual hunting,4.89,1688
24,28-02-2023,sumsing,1745,28.376841,95.156076,2;3,8,trapping,3.97,1688
25,28-02-2023,sumsing,1689,28.360334,95.129266,2;3,8,trapping,1.66,1688
26,1/3/2023,sumsing,1631,28.370652,95.095042,3;4,6,"trapping,ritual hunting,mithun searching",1.81,1688
27,1/3/2023,sumsing,1690,28.325276,95.128669,11;12,6,trapping,2.59,1688;1689
28,1/3/2023,sumsing,1746,28.354035,95.142913,3;4,8,"trapping,ritual hunting",2.91,1689;1688
28,1/3/2023,sumsing,1687,28.391475,95.111813,7,20,rice farming,2.44,1688
29,3/3/2023,pongging,1751,28.203356,95.153279,1;11;12,6,hunting,4.98,1866;1809;1808
29,3/3/2023,pongging,1807,28.228901,95.174376,1;11;12,6,hunting,6.13,1866;1865;1808
30,3/3/2023,pongging,1810,28.171598,95.180398,2,2,mithun searching,2.16,1866;1809
30,3/3/2023,pongging,NA,28.145592,95.117858,2,2,mithun searching,9.21,1866;1809;1810
31,3/3/2023,pongging,1867,28.158531,95.205984,NA,NA,electrician,2.33,1866
31,3/3/2023,pongging,1809,28.194601,95.157454,1;2;3;4;5;6;9;11;12,2,hunting,4.83,1866
31,3/3/2023,pongging,1865,28.219197,95.203708,1;2;3;4;5;6;9;11;12,2,hunting,4.12,1866
32,3/3/2023,pongging,1751,28.206454,95.135981,1;2;3;4;5;6;9;11;12,2,hunting,5.29,1866;1809;1808
32,3/3/2023,pongging,1751,28.201427,95.148091,1;2;3;4;5;6;9;11;12,2,hunting,3.72,1866;1809;1808
32,3/3/2023,pongging,1867,28.165196,95.199788,1,1,bat hunting,1.85,1866
33,3/3/2023,pongging,1865,28.223154,95.208117,1;2;3;11;12,3,mithun searching,4.56,1866
33,3/3/2023,pongging,1809,28.19556,95.166194,1;2;3;11;12,3,mithun searching,3.97,1866
33,3/3/2023,pongging,1866,28.194226,95.215199,1;2;3;10;11;12,10,trapping,1.72,NA
34,3/3/2023,pongging,1751,28.203311,95.14536,1;2;3;11;12,5,hunting,6.4,1866;1809;1808
34,3/3/2023,pongging,1809,28.183722,95.173988,1;2;3;10;11;12,15,trapping,4.31,1866
35,3/3/2023,pongging,1866,28.193284,95.215625,1;2;3;11;12,12,mithun searching,1.55,NA
35,3/3/2023,pongging,1808,28.208317,95.191723,1;2;3;10;11;12,2,cane collection,3.18,1809;1866
35,3/3/2023,pongging,1810,28.162726,95.172845,1;2;3;10;11;12,3,fishing,7.2,1867;1866
36,4/3/2023,jeru,1806,28.265515,95.17642,2,3,mithun searching,2.17,1863
36,4/3/2023,jeru,1807,28.238337,95.193307,2,6,ritual hunting,2.33,1864;1863
36,4/3/2023,jeru,1807,28.242499,95.173776,2,6,ritual hunting,3.3,1864;1863
37,4/3/2023,jeru,1865,28.210471,95.198899,2;3,4,mithun searching,4.91,1864;1863
37,4/3/2023,jeru,1807,28.238337,95.193307,2;3,4,mithun searching,2.62,1864;1863
37,4/3/2023,jeru,1864,28.244812,95.199426,2;3,4,mithun searching,1.44,1863
38,4/3/2023,jeru,1808,28.217579,95.163425,1;2,6,"trapping,ritual hunting",5.65,1864;1807
38,4/3/2023,jeru,1693,28.252897,95.129239,1;2,6,"trapping,ritual hunting",1.18,1863;1806;1750;1749
38,4/3/2023,jeru,1806,28.271841,95.18443,2;3,4,mithun searching,2.7,1863
39,4/3/2023,jeru,1863,28.25618,95.197068,9,15,cardamom farming,0.49,NA
40,2/4/2023,gette,1392,28.68229,94.982171,2;3;6;7,15,orange farming,2.45,1449
40,3/4/2023,gette,1448,28.693463,95.015757,5,4,mithun searching,1.17,1449
41,3/4/2023,gette,1504,28.719033,95.026216,1;2;10;11,5,"trapping,ritual hunting",3.96,1448;1506;1449
41,3/4/2023,gette,1504,28.738863,95.041646,1;2;10;11,4,"trapping,ritual hunting",7.34,1448;1506;1449
42,3/4/2023,gette,1392,28.6823651,94.980038,1,4,ritual hunting,1.02,1449
42,3/4/2023,gette,1449,28.6835575,95.0021659,1;2;3,4,trapping,2.1,NA
42,3/4/2023,gette,1506,28.6779715,95.0259769,NA,NA,mithun searching,3,1449
43,3/4/2023,gette,1448,28.7004688,94.9963117,1;2;3,4,trapping,1.5,1449
43,3/4/2023,gette,1506,28.682745,95.021045,1;2;3,4,trapping,2,1506
43,3/4/2023,gette,NA,28.7635892,95.0572836,1,3,hunting,6,1449;1448;1505;1504
44,3/4/2023,gette,1448,28.698962,95.0093,1;12,2,firewood collection,1.08,1449
45,3/4/2023,gette,1449,28.686027,95.005417,3,2,pig fodder collection,0.34,NA
45,3/4/2023,gette,1392,28.681265,94.981448,1;12,6,"orange farming,teak farming",2.78,1449
45,3/4/2023,gette,1506,28.683905,95.0232,1;12,10,trapping,1.32,1449
45,3/4/2023,gette,1504,28.723378,95.041826,1,10,ritual hunting,5.68,1448;1505;1449
46,3/4/2023,moying,1451,28.617996,94.989967,1;12,10,mithun searching,3.37,1450
47,3/4/2023,moying,1449,28.670526,95.010221,1;2;11;12,15,trapping,2.43,1450
48,3/4/2023,moying,1506,28.6779715,95.0259769,NA,NA,mithun searching,3.6,1450;1507
48,3/4/2023,moying,1509,28.593979,95.03111,1;11;12,10,trapping,6.8,1450;1451;1508
48,3/4/2023,moying,1393,28.645626,94.970846,1;11;12,10,trapping,2.92,1450
49,4/4/2023,gossang,1393,28.660054,94.987357,1;5;12,4,mithun searching,11.7,1508;1451;1450
49,4/4/2023,gossang,1450,28.635419,94.995615,1;5;12,4,mithun searching,9.62,1508;1451
49,4/4/2023,gossang,1567,28.56648,95.047808,1;5;12,2,mithun searching,1.07,1508;1509;1510
49,4/4/2023,gossang,1452,28.584446,94.989902,1;2,3,ritual hunting,7.56,1451;1508
50,4/4/2023,moying,1450,28.65373,95.004686,1;2;3,5,mithun searching,0.68,NA
51,4/4/2023,moying,1449,28.666649,95.003519,1;2;12,10,trapping,1.28,1450
51,4/4/2023,moying,1450,28.64791,94.995206,2;3,3,mithun searching,0.48,NA
51,4/4/2023,moying,1508,28.60823,95.021789,2;3,3,mithun searching,4.98,1450;1451
52,4/4/2023,moying,1449,28.673089,94.991299,3,2,mithun searching,2.81,1450
52,4/4/2023,moying,1451,28.629395,94.996765,1,2,ritual hunting,2.21,1450
52,4/4/2023,moying,1452,28.597602,95.013309,8,1,fishing,5.96,1450;1451
52,4/4/2023,moying,1452,28.5851,95.004745,1,3,ritual hunting,7.19,1450;1451
52,4/4/2023,moying,1393,28.639284,94.96103,1,3,ritual hunting,4.3,1450
53,4/4/2023,moying,1450,28.637355,95.004213,3,1,mithun searching,1.57,NA
54,5/4/2023,gossang,1452,28.596782,95.015649,1;2,10,trapping,2,1508;1509
54,5/4/2023,gossang,1509,28.604624,95.029703,3,15,rice farming,1.44,1508
54,5/4/2023,gossang,1450,28.636194,94.994808,NA,NA,mithun searching,0.29,1451;1508
55,5/4/2023,gossang,1509,28.601832,95.018423,9;10,2,mithun searching,1.58,1508
55,5/4/2023,gossang,1451,28.616424,94.998984,2,3,ritual hunting,1.91,1508
56,5/4/2023,gossang,1451,28.625751,95.000566,3,6,mithun searching,1.5,1508
56,5/4/2023,gossang,1452,28.594683,95.010162,1;2;10;11;12,6,trapping,1,1508;1509
57,5/4/2023,gossang,1509,28.605912,95.019437,3,8,firewood collection,2,1508
57,5/4/2023,gossang,1451,28.609775,95.003004,1;2,10,trapping,2.5,1508
57,5/4/2023,gossang,1451,28.623777,94.997105,12,4,mithun searching,1.5,1508
58,5/4/2023,gossang,1452,28.596409,95.017411,12,2,hunting,1.84,1508;1509
58,5/4/2023,gossang,1451,28.631988,95.006882,12,1,transit,2.33,1508
58,5/4/2023,gossang,1509,28.603016,95.025933,NA,NA,transit,1.39,1508
59,5/4/2023,gossang,1451,28.614969,95.005519,1;2;12,2,hunting,1.26,1508
59,5/4/2023,gossang,1509,28.606862,95.018975,3;4,2,ant larvae collection,0.83,1508
60,7/5/2022,bogong,1914,28.428254,95.25052,5;6;11;12,10,mithun searching,4,1913
61,7/5/2022,lego,1855,28.47497,95.202664,1;2;3;10;11;12,14,hunting,4,1913;1912
62,8/5/2022,borang,1970,28.444484,95.262059,1;2;3;4;5;6;7;8;9;10;11;12,1,mithun searching,3,1913
62,8/5/2022,borang,1912,28.476954,95.232656,NA,NA,transit,7,1913
63,8/5/2022,borang,1972,28.412906,95.270882,1;2;12,10,hunting,4,1913;1914;1971
63,8/5/2022,borang,1972,28.412906,95.270882,1;2;12,3,hunting,5,1913;1914;1971
64,8/5/2022,borang,1857,28.438565,95.21781,3;6;7,15,mithun searching,2,1913;1856
64,8/5/2022,borang,1913,28.449301,95.249983,3;6;7,15,mithun searching,1,NA
65,8/5/2022,megu,1971,28.432046,95.27769,12,10,hunting,4,1913;1914
66,8/5/2022,tayeng,1972,28.409621,95.276521,1;2;3,7,mithun searching,6,1913;1914;1971
66,8/5/2022,tayeng,1971,28.419227,95.274305,1;2;3,6,mithun searching,8,1913;1914
67,9/5/2022,boga,1857,28.438098,95.226425,1;5;12,10,ginger farming,2,1913;1856
68,9/5/2022,boga,1856,28.458784,95.228453,1;5;6;12,9,mithun searching,2,1913
69,9/5/2022,boga,1856,28.455679,95.220263,1;2;11;12,25,trapping,3,1913
70,9/5/2022,tayeng,1913,28.449695,95.229364,12,1,mithun searching,2,NA
71,9/5/2022,tayeng,1857,28.430991,95.225213,9;10;11;12,7,mithun searching,2,1913;1914
72,18-05-2022,bogong,1971,28.42607,95.285538,1;2;3;12,5,cardamom farming,4,1913;1914
73,19-05-2022,pertin,1915,28.412634,95.250225,1;2;3;4;5;6;7;8;9;10;11;12,10,mithun searching,4,1913;1914
73,19-05-2023,pertin,1972,28.408815,95.273644,1;2,3,mithun searching,5,1913;1914;1971
74,19-05-2022,yirang,1856,28.466342,95.207035,1;2;3,8,trapping,5,1913
74,19-05-2022,yirang,1913,28.449261,95.242051,5;6;11;12,8,transit,0.2,NA
74,19-05-2022,yirang,1856,28.456142,95.227101,1;2;3,12,trapping,2,1913
75,19-05-2022,ratan,1971,28.429082,95.276493,9,2,bamboo collection,5,1913;1914
75,19-05-2022,ratan,1971,28.427504,95.277583,1;2;3;9;10;11;12,10,trapping,4,1913;1914
75,19-05-2022,ratan,1970,28.441595,95.265744,12,2,transit,2,1913
76,19-05-2022,ratan,2210,28.122179,95.401589,3,6,hunting,10,1913
76,19-05-2022,ratan,2210,28.130996,95.397877,3,6,hunting,10,1913
77,19-05-2022,ratan,1971,28.414229,95.264805,10,3,cardamom farming,5,1913;1914
77,19-05-2022,ratan,1914,28.420138,95.242669,12,1,phrynium pubinerve collection,3,1913
78,21-05-2022,borang,1857,28.440759,95.213124,5,7,rice farming,2,1856;1913
78,21-05-2022,borang,1913,28.45435,95.242593,1;2;3;12,4,hunting,3.9,NA
79,21-05-2022,perme,1913,28.45328,95.246736,1;2;3;4;5;6;7;8;9;10;11;12,9,mithun searching,0.6,NA
80,21-05-2022,perme,1856,28.447787,95.228959,6;7,20,cow grazing,2,1913
81,22-05-2022,perme,1857,28.431248,95.212855,10;11;12,NA,rice farming,4,1913;1914
81,22-05-2022,perme,1913,28.446202,95.250562,10;11;12,NA,rice farming,0.3,NA
82,22-05-2022,perme,1971,28.432198,95.263625,1;2,14,hunting,2,1913;1914
83,22-05-2022,perme,1913,28.448167,95.250399,1,1,firewood collection,0.5,NA
83,22-05-2022,perme,1970,28.441319,95.269947,4;5,5,community hunting,2,1913
84,23-05-2022,ratan,1914,28.437069,95.244809,1;9;10;11;12,7,trapping,1,1913
84,23-05-2022,ratan,1915,28.408304,95.253034,1;9;10;11;12,8,trapping,4.43,1913;1914
85,23-05-2022,Remgeng,1915,28.410769,95.25074,1;2;3;4;5;6;7;8;9;10;11;12,4,mithun searching,1.47,1914
86,26-05-2022,mariyang,1912,28.474311,95.230266,12,7,junglefowl hunting,2,1855
87,27-05-2022,mariyang,1912,28.486058,95.231321,10;11;12,3,firewood collection,2,1855
88,27-05-2022,mariyang,1856,28.464155,95.206448,2,7,hunting,2.85,1855
88,27-05-2022,mariyang,1856,28.463431,95.206852,2,7,hunting,2.9,1855
88,27-05-2022,mariyang,1971,28.423024,95.271749,10;11,8,hunting,9.72,1855;1912;1913;1914
89,27-05-2022,mariyang,1740,28.507136,95.158869,3,7,hunting,5.51,1855;1797;1854
90,27-05-2022,mariyang,1857,28.422394,95.219051,3,7,hunting,7.82,1855.1856
90,27-05-2022,mariyang,1797,28.517444,95.170725,10,3,jhum farming,4.96,1855;1854
91,27-05-2022,mariyang,1913,28.46791,95.2489,2,7,hunting,4.5,1855;1912;1913
91,27-05-2022,mariyang,1912,28.471823,95.253969,2,7,hunting,5,1855
92,28-05-2022,new millang,1740,28.50777,95.16677,10;11;12,7,hunting,4.78,1855;1854;1797
93,28-05-2022,new millang,1740,28.505701,95.154228,1;2;3,15,mithun searching,5.83,1855;1854;1797
93,28-05-2022,new millang,1740,28.51118,95.152778,1;2;3,8,mithun searching,6,1855;1854;1797
94,28-05-2022,mariyang,1912,28.471138,95.234946,12,3,orange farming,2,1855
94,28-05-2022,mariyang,1912,28.482582,95.235267,1;2,6,jhum farming,5,1855
95,29-05-2022,mariyang,1740,28.510288,95.162976,2,4,jhum farming,5,1855;1854;1797
95,29-05-2022,mariyang,1740,28.508666,95.159023,1,4,firewood collection,5,1855;1854;1797
96,29-05-2022,mariyang,1972,28.411986,95.277815,2,6,hunting,10,1855;1856;1913;1914;1971
97,29-05-2022,remgeng,2029,28.411866,95.298441,1;12,5,mithun searching,7,1914;1971;1972;2029
97,29-05-2022,remgeng,2028,28.432776,95.314153,1;12,2,trapping,6,1914;1971
98,29-05-2022,remgeng,1914,28.421883,95.252885,1,6,firewood collection,4,NA
99,13-04-2023,karko,1567,28.576048,95.054228,1;2;10;11;12,6,trapping,0.78,NA
99,13-04-2023,karko,1509,28.581494,95.0178835,1;2;10;11;12,6,trapping,3.63,1510;1566;1567
99,13-04-2023,karko,1511,28.552444,95.025352,1;2;10;11;12,6,"trapping,hunting",3.52,1567;1568
100,13-04-2023,karko,1567,28.573864,95.054037,6;7;8,6,rice farming,0.62,NA
100,13-04-2023,karko,1567,28.571328,95.066246,6;7;8,6,rice farming,0.96,NA
100,14-04-2023,karko,1567,28.564447,95.071242,8;11;12,3,mithun searching,1.46,NA
100,14-04-2023,karko,1568,28.531679,95.069096,8;11;12,3,mithun searching,4.25,1567
101,14-04-2023,karko,1567,28.563983,95.071765,2;3,6,"trapping,mithun searching",1.08,NA
102,14-04-2023,karko,1567,28.577034,95.060464,2;3,10,mithun searching,0.91,NA
103,14-04-2023,karko,1509,28.585914,95.047438,3;4,2,mithun searching,2.3,1510;1567
103,14-04-2023,karko,1567,28.567201,95.050108,1;2;3;10;11;12,3,mithun searching,0.71,NA
104,16-04-2023,zido,1266,29.003771,94.915112,1;2;10;11;12,6,trapping,5.27,1267
104,16-04-2023,zido,1267,28.980856,94.921793,1;2;3;4;5;10;11;12,6,trapping,1.11,NA
104,16-04-2023,zido,1210,28.973134,94.890462,1;2;3;4;5;6;9;10;11;12,4,trapping,4.92,1267
104,16-04-2023,zido,1323,28.999413,94.948972,1;5,3,mithun searching,1.34,1266;1267
105,16-04-2023,zido,1266,28.988512,94.920337,1;5,3,mithun searching,0.71,1267
106,15-04-2023,zido,1323,28.995102,94.938926,1;2;3;4;5;6;10;11;12,4,trapping,2.94,1266;1267
106,16-04-2023,zido,1266,28.989928,94.92443,1;2;3;4;5;10;11;12,10,trapping,2.8,1267
106,16-04-2023,zido,1323,28.995262,94.934842,1;2;3;4;5;10;11;12,10,trapping,1.5,1266;1267
107,16-04-2023,zido,1265,29.026928,94.908239,1;12,2,mithun searching,3.9,1266;1267
108,16-04-2023,tuting,1267,28.975321,94.916314,1;2;3;4;5;6;7;8;9;10;11;12,30,"rice farming,jhum farming",2.63,1209
109,16-04-2023,tuting,1267,28.974516,94.920424,1;2;3;4;5;11;12,3,"fencing,hunting",6,1209
110,16-04-2023,tuting,1267,28.980993,94.918287,1;2;3;4;5;11;12,3,hunting,3,1209
110,16-04-2023,tuting,1209,28.975021,94.918287,4,3,fencing,2,NA
111,17-04-2023,zido,1323,29.004886,94.957165,12,4,hunting,4.45,1266;1267
112,17-04-2023,zido,1265,29.031534,94.910504,1;2;3;4;10;11;12,5,trapping,5.17,1266;1267
112,17-04-2023,zido,1266,29.012546,94.925677,3,12,hunting,3.94,1267
112,17-04-2023,zido,1211,28.953518,94.885374,3,3,hunting,3.56,1267;1210
113,17-04-2023,zido,1268,28.946706,94.909794,2,3,hunting,3.86,1267;1210
113,17-04-2023,zido,1267,28.969695,94.923684,4;5,15,"rice farming,fencing",2.18,NA
114,17-04-2023,tuting,1153,28.98641,94.864254,3;4,12,rice farming,1,1209;1210
115,17-04-2023,ngaming,1324,28.980746,94.95407,1;2;3;4;9;10;11;12,3,trapping,1.5,NA
116,17-04-2023,ngaming,1325,28.958317,94.940098,9,5,rice farming,0.14,1324
116,17-04-2023,ngaming,1268,28.943398,94.917335,9,2,trapping,3.36,1324;1325
117,17-04-2023,ngaming,1267,28.969561,94.923608,4;5,10,rice farming,1.36,1324
117,17-04-2023,ngaming,1324,28.973822,94.934584,4,2,ant larvae collection,0.57,NA
117,17-04-2023,ngaming,1267,28.969542,94.930379,6;12,7,"rice farming,cane collection,hunting",0.77,1324
117,17-04-2023,ngaming,1324,28.969866,94.937433,4,2,tuber collection,0.7,NA
118,17-04-2023,ngaming,1324,28.970317,94.950228,4,2,ant larvae collection,1.26,NA
118,17-04-2023,ngaming,1267,28.969607,94.926785,11;12,7,"rice farming,hunting",1.5,1324
119,17-04-2023,ngaming,1324,28.971558,94.936079,4,1,tuber collection,0.28,NA
120,17-04-2023,ngaming,1380,29.002316,94.971897,1;2;3;9;10;11;12,10,trapping,5.2,1324;1381
120,17-04-2023,ngaming,1326,28.91171,94.950825,1;2;3;9;10;11;12,10,trapping,6.5,1324;1326
121,18-04-2023,ngaming,1267,28.969607,94.926785,4,5,jhum farming,2.3,1324
122,18-04-2023,ngaming,1324,28.960211,94.948388,2;3,3,fishing,1.34,NA
123,18-04-2023,kuging,1439,28.958596,94.993768,1;12,3,takin hunting,0.35,1382
123,18-04-2023,kuging,1439,28.958892,94.99895,1;12,3,takin hunting,0.86,1382
124,18-04-2023,kuging,1439,28.955147,95.003601,4;5,3,cane collection,2.79,1382
125,18-04-2023,kuging,1382,28.941851,94.988162,9,2,rice farming,1.54,NA
125,18-04-2023,kuging,1382,28.944842,94.975475,9,2,rice farming,1.99,NA
125,18-04-2023,kuging,1383,28.907051,94.974884,7;8;9,5,rice farming,10.8,1382
126,18-04-2023,kuging,1382,28.945788,94.978257,7;8;9,5,resident,22.6,NA
126,18-04-2023,kuging,1438,28.961127,94.994851,2,20,trapping,0.88,1381;1382
126,18-04-2023,kuging,1496,28.955232,95.035723,1;2,15,trapping,4.35,1382;1439
127,18-04-2023,kuging,1382,28.947883,94.988331,5,5,rice farming,0.81,NA
127,18-04-2023,kuging,1438,28.961045,95.012747,5;6,7,rice farming,2.5,1382;1381
127,18-04-2023,kuging,1438,28.966201,94.99669,5;6,7,rice farming,1.34,1382;1381
128,18-04-2023,kuging,1438,28.962793,94.995354,1;2;3;4;5;6;7;8;9;10;11;12,30,resident,1.2,1382;1381
128,18-04-2023,kuging,1439,28.958044,95.00969,3;4,3,mithun searching,1.89,1382
129,18-04-2023,tuting,1267,28.976509,94.915367,4,1,transit,7,1209;1266
130,20-04-2023,anging,1098,28.931501,94.828086,2,2,hunting,0.49,1097
130,20-04-2023,anging,1098,28.933298,94.834732,2,2,hunting,0.61,1097
130,20-04-2023,anging,1155,28.930795,94.85181,2,2,hunting,2.17,1097;1098
131,20-04-2023,anging,1267,28.982903,94.920104,1;2;3;4;5;6;7;8;9;10;11;12,4,rice farming,10.3,1097;1154;1211;1210
131,20-04-2023,anging,1155,28.917575,94.842312,1;2;3;4;11;12,8,trapping,3.22,1097;1098
132,20-04-2023,anging,1155,28.911445,94.842955,1;2;3;4;11;12,8,trapping,3.2,1097;1098
132,20-04-2023,anging,1211,28.935154,94.874284,1;2;3;4;11;12,8,trapping,4.44,1097;1154
133,20-04-2023,old anging,1098,28.917118,94.823121,1;2;3;4;5;6;7;8;9;10;11;12,30,resident,0,NA
134,20-04-2023,anging,1210,28.967626,94.893823,4,6,rice farming,7.3,1097;1154;1211
135,20-04-2023,gelling,NA,29.134638,94.973516,1;2;3;4;5;6;7;8;9;10;11;12,30,resident,0,NA
136,20-04-2023,norbuling,NA,29.126271,94.973516,1;2;3;4;5;6;7;8;9;10;11;12,30,resident,0,NA
137,20-04-2023,bona,1319,29.106302,94.950911,1;2;3;4;5;6;7;8;9;10;11;12,30,resident,0,1320
138,24-04-2023,kapu,1264,29.05063,94.910546,1;2;3;4;5;6;7;8;9;10;11;12,30,resident,0,NA
138,24-04-2023,kapu,1207,29.052681,94.902414,1;12,3,bamboo collection,3,1264
139,21-04-2023,kapu,1264,29.05412,94.914947,4;5;6;10;11,10,rice farming,0.67,NA
139,21-04-2023,kapu,1264,29.059457,94.925485,6;7;8;10;11,15,rice farming,1.72,NA
140,23-04-2023,kapu,1264,29.054131,94.907431,1;12,4,resident,0.27,NA
141,23-04-2023,kapu,1208,29.039498,94.897461,6;7;10;11,15,rice farming,1.69,1264;1207
142,23-04-2023,kapu,1208,29.034242,94.896686,6;7,20,rice farming,2.14,1264;1207
142,23-04-2023,kapu,1264,29.051719,94.907016,1;2;3;4;5;6;7;8;9;10;11;12,30,resident,0,NA
143,24-04-2023,kapu,1207,29.050121,94.898873,5;6,3,tuber collection,1.15,1264
144,24-04-2023,gelling,NA,29.134957,94.97763,1;2;3;4;5;6;7;8;9;10;11;12,30,resident,0,NA
145,24-04-2023,gelling,NA,29.133978,94.979181,1;2;3;4;5;6;7;8;9;10;11;12,30,resident,0,NA
146,25-04-2023,gelling,NA,29.134297,94.980298,5,20,jhum farming,0.5,NA
147,26-04-2023,norbuling,NA,29.126389,94.973007,1;2;3;4;5;6;7;8;9;10;11;12,30,resident,0,NA
148,27-04-2023,norbuling,NA,29.13287,94.965178,4;5,15,jhum farming,1.19,NA
149,24-04-2023,bona,1320,29.094928,94.946628,4;5,20,rice farming,0.3,NA
150,25-04-2023,bona,1319,29.098202,94.948472,4;5;6,10,resident,0.1,1320
151,26-04-2023,bona,1319,29.101917,94.942618,4;5;6;7,20,rice farming,0.72,1320
152,26-04-2023,tuting,1264,29.054273,94.903346,1;2;3;4;5;6;7;8;9;10;11;12,7,hydel employee,9.7,1209;1208;1207
153,26-04-2023,simuge,1324,28.966003,94.933225,4,1,rice farming,20,1728
154,26-04-2023,simuge,1728,28.840176,95.156293,1;2;3;4;5;6;7;8;9;10;11;12,30,resident,0,NA
154,26-04-2023,simuge,1728,28.841152,95.150895,1;4;5;6;7;12,7,"rice farming,trapping",0.55,NA
156,26-04-2023,simuge,1728,28.845033,95.146948,1;2;12,3,"trapping,hunting",1.25,NA
157,26-04-2023,simuge,1728,28.847041,95.16556,1;12,6,trapping,1.1,NA
158,26-04-2023,singa,1786,28.819991,95.184488,1;2;3;4;5;6;7;8;9;10;11;12,30,resident,0,NA
159,26-04-2023,simuge,1728,28.839842,95.156745,1;2;3;4;5;6;7;8;9;10;11;12,30,resident,0,NA
160,26-04-2023,simuge,1728,28.840892,95.148605,1;11;12,15,hunting,1,NA
160,26-04-2023,simuge,NA,28.844081,95.322677,1;2;11;12,6,hunting,14.7,1728
160,26-04-2023,simuge,NA,28.70363,95.364835,1;2;11;12,6,hunting,23.5,1728
161,27-04-2023,mankota,1555,28.888592,95.076452,1;2;3;4;5;6;7;8;9;10;11;12,30,resident,0,NA
162,27-04-2023,mankota,1555,28.887267,95.073827,5;6;7,20,rice farming,0.31,NA
163,28-04-2023,mankota,1555,28.8856,95.064975,6;7;10,10,rice farming,1.15,NA
164,27-04-2023,nyotkong,1554,28.912568,95.054449,5,4,fencing,2.42,1497
164,27-04-2023,nyotkong,1497,28.915865,95.024176,9;10,7,rice farming,0.3,NA
165,27-04-2023,nyotkong,1497,28.919015,95.025313,1;2;3;4;5;6;7;8;9;10;11;12,30,resident,0,NA
166,29-04-2023,zido,1211,28.958394,94.88086,2,4,trapping,3.5,1267;1210
166,29-04-2023,zido,1267,28.982967,94.920527,2;3,5,trapping,1.48,NA
167,29-04-2023,zido,1267,28.965583,94.9023,3,1,hunting,1.77,NA
167,29-04-2023,zido,1210,28.974065,94.895789,2;3,2,frog collection,1.26,1267
167,29-04-2023,zido,1267,28.967102,94.906099,3;4,10,rice farming,1.65,NA
168,1/5/2023,nigging,1039,28.986693,94.806311,1;2;3;10;11;12,3,trapping,7.54,1097;1096
168,1/5/2023,nigging,1039,28.966412,94.782097,1;2;3;10;11;12,3,"trapping,hunting",7.38,1097;1096
169,1/5/2023,nigging,NA,29.004343,94.720722,7;8;9,15,"trapping,hunting",12.7,1097;1096;1039
169,1/5/2023,nigging,1154,28.952624,94.843838,4;5,4,rice farming,0.97,1097
170,2/5/2023,nigging,1039,28.971617,94.786659,1;2;11;12,2,hunting,5,1097;1096
170,2/5/2023,nigging,1097,28.954133,94.831609,1;2;3;10;11;12,30,resident,0,NA
170,2/5/2023,nigging,1154,28.954294,94.844383,4;5,6,"rice farming,mithun searching",1.16,1097
171,2/5/2023,nigging,983,28.957836,94.761541,1;10;11;12,10,trapping,7.42,1097;1040
171,2/5/2023,nigging,1154,28.959408,94.849422,4;5,5,rice farming,1.53,1097
172,2/5/2023,nigging,1039,28.97364,94.781847,1;9;10;11;12,12,trapping,6.47,1097;1096
172,2/5/2023,nigging,1153,28.973348,94.859287,5,1,mithun searching,3.97,1097;1154
172,2/5/2023,nigging,1154,28.959131,94.854238,5,1,mithun searching,2.08,1097
173,2/5/2023,nigging,1097,28.961338,94.832047,NA,NA,hunting,0.81,NA
174,3/5/2023,pango,985,28.887735,94.752419,1;2;3;4;5;6;7;8;9;10;11;12,30,resident,0,NA
175,3/5/2023,pango,985,28.885872,94.760747,6;7;10;11,10,rice farming,0.76,NA
176,3/5/2023,pango,985,28.90599,94.770976,1;2;3;4;5;6;7;8;9;10;11;12,25,"resident,GREF employee",0.25,NA
177,3/5/2023,pango,985,28.896544,94.754737,1;10;11;12,10,mithun searching,1.09,NA
177,3/5/2023,pango,928,28.888776,94.727297,1;11;12,6,hunting,2.47,985
178,3/5/2023,pango,872,28.868165,94.703045,1;10;11;12,10,trapping,4.2,928;929;985
179,3/5/2023,nigging,929,28.871802,94.741306,4,2,mithun searching,2.06,985;986
179,3/5/2023,nigging,985,28.900183,94.748937,10;11;12,10,trapping,2.43,NA
179,3/5/2023,nigging,930,28.854822,94.72884,10;11;12,10,trapping,4.5,986;929;985
180,3/5/2023,singing,1042,28.897481,94.784134,1;2;3;4;5;6;7;8;9;10;11;12,30,resident,0,NA
180,3/5/2023,singing,1041,28.92419,94.792411,4;5;6;7,8,rice farming,3,1042
180,3/5/2023,singing,1043,28.870923,94.79326,1;11;12,10,trapping,5,1042
181,3/5/2023,singing,1042,28.888209,94.800282,1;2;3;10;11;12,8,trapping,3.09,NA
181,3/5/2023,singing,985,28.892251,94.77662,4;5,10,rice farming,0.93,1042
182,3/5/2023,singing,1042,28.888209,94.800282,1;2;3;12,10,trapping,1.76,NA
182,3/5/2023,singing,1098,28.913835,94.810004,5,1,mithun searching,3.08,1042;1041
183,3/5/2023,singing,1267,28.972776,94.919641,12,3,firewood collection,20.4,1042
184,4/5/2023,migging,988,28.816412,94.749031,NA,NA,transit,4.75,986;987
184,4/5/2023,migging,987,28.852982,94.772843,1;2;3;4;5;6;7;8;9;10;11;12,30,resident,0,986
184,4/5/2023,migging,987,28.836365,94.759779,3,1,PHE employee,2.29,986
185,4/5/2023,migging,986,28.862752,94.758706,5;6,3,fishing,1.9,NA
185,4/5/2023,migging,1044,28.847276,94.791684,1;2;9;10;11;12,8,trapping,1.75,986;987
186,8/5/2023,migging,986,28.854931,94.775111,12,2,firewood collection,0.2,NA
186,8/5/2023,migging,988,28.819565,94.757208,NA,NA,PHE employee,4.03,986;987
186,8/5/2023,migging,931,28.821293,94.74172,1;2;11;12,10,trapping,4.81,987;930;986
187,8/5/2023,migging,987,28.85344,94.774979,1;2;3;4;5;6;7;8;9;10;11;12,30,resident,0,986
187,8/5/2023,migging,1042,28.897577,94.783753,2,3,mithun searching,4.7,986;985
188,12/5/2023,palling,1214,28.858689,94.882518,1;2,6,trapping,10,1101;1158
188,12/5/2023,palling,1044,28.83673,94.788671,5,2,mithun searching,3,1101
188,12/5/2023,palling,1100,28.856081,94.826913,5,2,mithun searching,3,1101
189,12/5/2023,palling,1101,28.841827,94.810499,11;12,4,hunting,2,NA
189,12/5/2023,palling,1215,28.82821,94.886596,5;6;10;11,8,rice farming,1,1101;1158
189,12/5/2023,palling,1158,28.831662,94.854038,1;2,9,trapping,4,1101
189,12/5/2023,palling,1044,28.83445,94.791225,11;12,10,trapping,1.75,1101
189,12/5/2023,palling,1102,28.820614,94.812187,1;11;12,10,trapping,1.83,1101
190,13-05-2023,palling,1100,28.856081,94.826913,2;5,3,mithun searching,2.63,1101
190,13-05-2023,palling,1045,28.825904,94.790236,2;5,3,mithun searching,2.38,1044;1101
191,13-05-2023,palling,1044,28.835075,94.783339,2;5,3,mithun searching,2.73,1101
191,13-05-2023,palling,1101,28.843494,94.817599,4,3,rice farming,1.08,NA
192,13-05-2023,palling,1101,28.846321,94.827578,1;2;3,6,trapping,2.16,NA
192,13-05-2023,palling,1101,28.82885,94.812211,1;2;3;4;5;6;7;8;9;10;11;12,4,mithun searching,0.96,NA
192,13-05-2023,palling,1044,28.838646,94.803417,1;2;3;4;5;6;7;8;9;10;11;12,4,mithun searching,0.61,1101
193,13-05-2023,palling,1044,28.84351,94.801469,6;7;10;11,12,rice farming,1.03,1101
194,13-05-2023,likor,1215,28.835082,94.895921,1;11;12,4,"orange farming,cardamom farming, paris polyphylla collection",0.89,NA
195,13-05-2023,likor,1272,28.83411,94.905269,5,1,mithun searching,1.29,1215
196,13-05-2023,likor,1271,28.859911,94.906879,1;10;11;12,10,"trapping,hunting",3.83,1272;1215
197,13-05-2023,likor,1215,28.83802,94.898119,2,4,trapping,1.21,NA
197,14-05-2023,likor,1329,28.847507,94.939815,2,4,trapping,4.48,1215;1272
197,14-05-2023,likor,1216,28.825025,94.886338,2;5,15,mithun searching,0.93,1215
197,14-05-2023,likor,1273,28.820775,94.900246,2;5,15,rice farming,0.65,1215;1216
197,14-05-2023,likor,1158,28.827849,94.864265,5;9;10,3,fishing,3.11,1215
198,14-05-2023,likor,1272,28.846704,94.913764,1;2;3;10;11;12,4,trapping,2.96,1215
199,14-05-2023,likor,1215,28.833711,94.894967,1;2;3;10;11;12,3,trapping,0.72,NA
199,14-05-2023,likor,1158,28.82944,94.861825,8;9,2,cardamom farming,3.33,1215
199,14-05-2023,likor,1216,28.817623,94.898093,5,2,mithun searching,1.04,1215
199,14-05-2023,likor,1101,28.83087,94.810584,6;7;9;10,10,rice farming,0.1,1215;1158
199,14-05-2023,likor,1214,28.87124,94.877906,1;2;3;4;5,10,trapping,2.5,1215
200,14-05-2023,likor,1213,28.885744,94.893716,1;2;12,10,trapping,5.5,1215;1214
201,14-05-2023,likor,1272,28.82672,94.911068,5,2,mithun searching,1,1215
202,14-05-2023,likor,1158,28.839332,94.856545,9;10;11;12,15,hunting,5.5,1215
202,14-05-2023,likor,1213,28.884453,94.895975,9;10;11;12,15,hunting,7.5,1214;1215
203,14-05-2023,pugging,1389,28.757794,94.964935,1;2,15,trapping,3.25,1332
203,14-05-2023,pugging,1217,28.772342,94.869037,6;7;8,2,"rice farming,mithun searching",7.2,1332;1275;1218
204,14-05-2023,pugging,1274,28.785856,94.90432,1;2,10,trapping,11.9,1332;1275
204,14-05-2023,pugging,1217,28.775945,94.894651,1;2;3;4;5;6;7;8;9;10;11;12,10,mithun searching,4.92,1332;1275;1218
205,14-05-2023,pugging,1218,28.759085,94.867787,1;2,4,hunting,7.44,1332;1275
205,14-05-2023,pugging,1274,28.778769,94.899661,1;2,4,hunting,5.17,1332;1275
206,14-05-2023,pugging,1332,28.76329,94.94016,1;2,5,trapping,1.99,NA
206,14-05-2023,pugging,1275,28.749918,94.927287,1;2;3;4;5;6;7;8;9;10;11;12,3,mithun searching,1.17,1332
207,14-05-2023,pugging,1390,28.743104,94.972938,1;2,3,hunting,3.62,1332;1333
207,14-05-2023,pugging,1332,28.760515,94.94139,1;2,3,hunting,2.16,NA
207,14-05-2023,pugging,1217,28.77358,94.895509,1;2,3,hunting,5.2,1332;1275;1218
208,14-05-2023,pugging,1332,28.746093,94.935774,1;2;3;4;5;6;7;8;9;10;11;12,30,resident,0,NA
209,14-05-2023,pugging,1333,28.742717,94.934744,1;2;3;4;5;6;7;8;9;10;11;12,30,resident,0,1332
210,16-05-2023,mosing,988,28.820968,94.764829,9;10;11;12,10,trapping,19,1045;1046;989
211,16-05-2023,pango,929,28.865369,94.744018,5;12,3,mithun searching,2.7,985;986
211,16-05-2023,pango,986,28.859568,94.74738,5;12,3,mithun searching,3.01,985
212,16-05-2023,pango,985,28.901255,94.760142,5;12,3,mithun searching,1.9,NA
212,16-05-2023,pango,928,28.892641,94.720393,1;2;10;11;12,2,hunting,4.57,985
213,16-05-2023,janbo,1160,28.798268,94.853398,3,2,trapping,0.54,NA
214,16-05-2023,janbo,1160,28.794755,94.857864,1;2;3;4;5;6;7;8;9;10;11;12,30,resident,0,NA
215,17-05-2023,mosing,988,28.822828,94.756866,3,10,trapping,3.74,1045;1046;989
216,17-05-2023,mosing,988,28.819237,94.760409,1;2;10;11;12,15,trapping,3.17,1045;1046;989
216,17-05-2023,mosing,989,28.789814,94.77299,5,3,fishing,2.83,1045;1046
216,17-05-2023,mosing,1045,28.800416,94.777057,NA,NA,mithun searching,1.87,NA
217,17-05-2023,mosing,987,28.832202,94.765688,9;10;11;12,8,"rice farming,trapping",3.76,1045;1046;989;987
218,17-05-2023,janbo,1162,28.744249,94.85128,3;4,5,rice farming,10,1160;1161
218,17-05-2023,janbo,1160,28.79785,94.843659,3;4,5,rice farming,1.54,NA
218,17-05-2023,janbo,1102,28.808069,94.82299,5;6;7,15,rice farming,3.76,1160;1159
219,17-05-2023,janbo,1273,28.80048,94.911841,10;11;12,4,trapping,4.57,1160;11217;1216
219,17-05-2023,janbo,1160,28.784968,94.847552,10;11;12,4,trapping,1.78,NA
219,17-05-2023,janbo,1102,28.808069,94.82299,5;6;7,9,rice farming,3.76,1160;1159
220,17-05-2023,bomdo,1276,28.723447,94.921044,1;2;10;11;12,15,trapping,3.94,1218;1275
220,17-05-2023,bomdo,1276,28.726935,94.905216,1;2;10;11;12,15,"rice farming,trapping",2.94,1218;1275
220,17-05-2023,bomdo,700,28.902045,94.6176,1;10;11;12,7,hunting,31.9,1218;987;930;873;872;815
221,17-05-2023,bomdo,NA,28.51363,94.749111,1;10;11;12,7,hunting,30.6,1218;1392;1336;1337;1280;1281;1224
221,17-05-2023,bomdo,1163,28.708623,94.839577,1;10;11;12,8,hunting,7.45,1218;1219;1162
221,17-05-2023,bomdo,1337,28.614525,94.942871,1;10;11;12,8,hunting,15.9,1218;1276;1277;1278;1336;1337
222,17-05-2023,ramsing,1449,28.665868,95.004729,1;2;12,15,trapping,1.38,NA
222,17-05-2023,ramsing,1393,28.63989,94.982005,1;2;12,15,trapping,2.76,1449;1450
222,17-05-2023,ramsing,1392,28.667262,94.964963,2,2,mithun searching,2.83,1449
223,17-05-2023,ramsing,1449,28.664447,94.991431,1;2;3;4;5;6;7;8;9;10;11;12,30,resident,0,NA
224,18-05-2023,bomdo,1276,28.71764,94.921892,11;12,3,mithun searching,4.77,1218;1275
225,18-05-2023,bomdo,1276,28.73026,94.911948,1;2;3;4;5;6;7;8;9;10;11;12,4,mithun searching,2.89,1218;1275
226,18-05-2023,bomdo,1218,28.749732,94.87876,1;2;5;8;10;11;12,10,"trapping,hunting",1.78,NA
226,18-05-2023,bomdo,1162,28.744843,94.859083,7,2,mithun searching,3.72,1218;1219
226,18-05-2023,bomdo,1275,28.753351,94.89846,1;2;3;4;5;6;7;8;9;10;11;12,30,resident,0,1218
226,18-05-2023,bomdo,1219,28.738026,94.875191,7;8,10,trapping,2.62,1218
227,18-05-2023,bomdo,1276,28.723696,94.924979,1;2;10;11;12,15,trapping,4.14,1218;1275
227,18-05-2023,bomdo,1334,28.709169,94.94231,1;2;10;11;12,5,mithun searching,6.78,1218;1275;1276;1333
227,18-05-2023,bomdo,1334,28.706162,94.937673,1;2;10;11;12,9,cane collection,6.56,1218;1275;1276;1333
228,18-05-2023,jengging,1567,28.559333,95.070548,1;2,7,hunting,1.67,1568
228,19-05-2023,jengging,1568,28.550868,95.052832,2;3,4,mithun searching,1.48,NA
229,19-05-2023,jengging,1568,28.551509,95.07073,6;7,6,rice farming,0.62,NA
230,19-05-2023,jengging,1568,28.549281,95.056753,2;3,4,mithun searching,1.05,NA
231,19-05-2023,jengging,1509,28.593559,95.031868,2;3,4,mithun searching,1.49,1568;1567;1566
231,19-05-2023,jengging,1567,28.56222,95.067893,1;12,4,rice farming,1.24,1568
232,19-05-2023,jengging,1568,28.549446,95.048084,1;12,3,hunting,1.17,NA
233,19-05-2023,jengging,1568,28.543005,95.052527,1;2;3;4;5;6;7;8;9;10;11;12,NA,FD patrolling,1.11,NA
233,19-05-2023,jengging,1567,28.568975,95.064721,2;3,3,hunting,2.46,1568
234,19-05-2023,jengging,1567,28.573852,95.061706,9;10,15,rice farming,2.7,1568
235,19-05-2023,jengging,1567,28.567981,95.060251,1;2;3;4;5;6;7;8;9;10;11;12,30,resident,0.1,1568
236,20-05-2023,pango,985,28.90599,94.770976,1;2;3;4;5;6;7;8;9;10;11;12,25,"resident,GREF work",0.25,NA
237,30-05-2022,millang,1853,28.528959,95.21032,1;2;3,3,"jhum farming,mithun searching",1.96,1854
237,30-05-2022,millang,1853,28.530177,95.213276,1;2;3,3,"jhum farming,mithun searching",2.09,1854
237,30-05-2022,millang,1912,28.485538,95.237499,12,3,Pangolin searching,3.24,1854;1911
237,31-05-2023,millang,1797,28.510124,95.185627,1;2;3,3,jhum farming,3.26,1854
238,31-05-2023,millang,1853,28.530866,95.213057,2,6,hunting,2,1854
239,31-05-2023,millang,1853,28.534702,95.218971,1;2;5,3,jhum farming,2.45,1854
240,31-05-2023,millang,1797,28.519092,95.196602,2;9,3,trapping,2.31,1854
240,31-05-2023,millang,1854,28.517479,95.204977,1;2;11;12,3,jhum farming,1.5,NA
241,31-05-2023,millang,1854,28.514463,95.204568,1;2;11;12,3,mithun searching,1.35,NA
241,31-05-2023,millang,1853,28.531647,95.207124,1;2,3,"orange farming,lemon farming",2.55,1854
242,30-05-2022,millang,1798,28.481887,95.189545,1;2;3;4;5;6;7;8;9;10;11;12,5,mithun searching,4.39,1854;1855
243,30-05-2022,millang,1797,28.523252,95.195709,9;11;12,5,trapping,2.5,1854
243,30-05-2022,millang,1854,28.507714,95.201754,9;11;12,5,trapping,1.49,NA
243,30-05-2022,millang,1740,28.519759,95.158043,9;11;12,5,trapping,6,1854;1797
243,30-05-2022,millang,1853,28.539316,95.200347,9;11;12,5,trapping,1.75,1854
244,18-12-2022,mopom,1972,28.398635,95.267994,1;2,20,hunting,2.17,1915
244,18-12-2022,mopom,1974,28.358941,95.285826,1;2,20,cardamom farming,3,1915;1916;1973
245,18-12-2022,mopom,1916,28.386729,95.245084,6;12,10,phrynium pubinerve collection,0.7,1915
245,18-12-2022,mopom,1972,28.38778,95.283972,12,10,hunting,1.6,1915
246,18-12-2022,mopom,1972,28.38765,95.280481,12,5,community hunting,1.6,1915
247,19-12-2022,mopom,1915,28.387642,95.249284,1,4,firewood collection,3.82,NA
247,19-12-2022,mopom,1916,28.37757,95.255069,6;7,15,rice farming,1.67,1915
248,19-12-2022,mopom,1973,28.367763,95.287633,1;3;10;11;12,9,"trapping,hunting",4.78,1915;1972
249,19-12-2022,mopom,2088,28.346641,95.326383,1;3;10;11;12,6,"trapping,hunting",11.7,1915;1972;1973;1974;2031
249,19-12-2022,mopom,1916,28.381092,95.252616,1,3,Pangolin searching,1.09,1915
249,19-12-2022,mopom,2031,28.34403,95.293136,1;3;10;11;12,9,"trapping,hunting",6.49,1915;1972;1973;1974
250,19-12-2022,mopom,1915,28.392757,95.250515,1;2;3;4;5;6;7;8;9;10;11;12,30,resident,0,NA
250,19-12-2022,mopom,2088,28.347568,95.326798,1;2;3;12,6,"trapping,hunting",8.48,1915;1972;1973;1974;2031
251,19-12-2022,mopom,1973,28.381777,95.27544,6;7;8;10;11;12,10,rice farming,2.75,1915;1972
251,19-12-2022,mopom,1916,28.373045,95.25459,10,3,ritual hunting,2.36,1915
252,19-12-2022,sibuk,1915,28.404793,95.228285,1;2;3;10;11;12,15,mithun searching,3,1972;1915
252,19-12-2022,sibuk,1973,28.36357,95.271844,1;2;3;4;5;6;7;8;9;10;11;12,15,mithun searching,4,NA
253,19-12-2022,siko,2030,28.365818,95.290475,10;11;12,20,trapping,2.35,1973
253,19-12-2022,siko,1972,28.399071,95.265481,10;11;12,15,trapping,1.88,1973
254,19-12-2022,siko,2029,28.389848,95.290483,2;3,10,trapping,2.16,1973;1972
254,19-12-2022,siko,1972,28.386574,95.283998,2;3,10,trapping,1,1973
254,19-12-2022,siko,1972,28.399853,95.268315,10;11;12,15,trapping,1,1973
255,19-12-2022,siko,1972,28.390788,95.274084,10;11;12,15,"phrynium pubinerve collection,trapping,mithun searching",1.6,1973
256,19-12-2022,siko,1972,28.39123,95.274137,12,5,community hunting,1.09,1973
257,20-12-2022,bine,1973,28.381388,95.264755,6,5,"firewood collection,fencing",0.5,NA
257,20-12-2022,bine,1916,28.381757,95.243904,6;7,5,rice farming,2.76,1973
258,20-12-2022,bine,1972,28.401086,95.266353,10;11;12,5,trapping,0.7,1973
259,20-12-2022,bine,1973,28.378912,95.26477,3,10,jhum farming,0.7,NA
259,20-12-2022,bine,1971,28.417976,95.273625,3,5,mithun searching,4.63,1973;1972
260,20-12-2022,bine,1972,28.402636,95.265064,1;12,2,hunting,3,1973
260,20-12-2022,bine,NA,28.320567,95.500346,1;12,2,hunting,23.7,2030;1973
260,20-12-2022,bine,2149,28.23116,95.373491,1;12,6,hunting,21.6,1973;2031;2032;2148
261,20-12-2022,sibuk,1974,28.345865,95.269112,11;12,10,timber collection,1.84,1973
262,20-12-2022,sibuk,1974,28.344123,95.270392,8,1,frog collection,1.96,1973
262,20-12-2022,sibuk,1920,28.257687,95.238137,2;3;10;11,6,trapping,12.5,1973;1916;1859;1860;1861;1862;1863
263,20-12-2022,sibuk,1974,28.341522,95.271517,6;7;8;10;11;12,6,rice farming,2.97,1973
263,20-12-2022,sibuk,1916,28.3706,95.254943,1;2;3;6;7;8,6,"jhum farming,orange farming,cardamom farming",1.13,1973
264,21-12-2022,padu,1804,28.31041,95.194837,1;2;3;10;11;12,3,trapping,0.2,1861
264,21-12-2022,padu,1862,28.299617,95.196808,1;7,3,"jhum farming,orange farming,mithun searching",0.79,1861
264,21-12-2022,padu,1805,28.302185,95.192211,1;7,3,"jhum farming,orange farming,mithun searching",1.02,1861
265,21-12-2022,padu,1863,28.274441,95.224564,1;7,2,"orange farming,phrynium pubinerve collection",4.79,1861;1862
265,21-12-2022,padu,1862,28.285599,95.195648,6;12,3,"rice farming,orange farming,trapping",2.06,1861
266,21-12-2022,padu,1863,28.275337,95.19947,1;12,4,hunting,3.23,1862;1861
266,21-12-2022,padu,1862,28.288609,95.204447,1;12,4,hunting,1.76,1861
267,21-12-2022,padu,1862,28.282326,95.203843,3;4;11,7,"vegetable farming,hunting",2.39,1861
267,21-12-2022,padu,1805,28.301347,95.190525,6;7;8;10;11;12,3,rice farming,0.95,1861
268,21-12-2022,padu,1861,28.309783,95.202634,1;2;3;10;11;12,10,trapping,0.55,NA
269,22-12-2022,padu,1805,28.290397,95.192455,1;2;3,3,firewood collection,1.98,1861
270,22-12-2022,padu,1861,28.310224,95.202244,1;2;3,3,"firewood collection,trapping",0.53,1861
270,22-12-2022,padu,1862,28.283787,95.214446,1;2;3;10;11;12,8,trapping,3.1,1861
271,22-12-2022,padu,1862,28.284663,95.213791,1;2;3;10;11;12,8,trapping,2.8,1861
272,22-12-2022,padu,1861,28.308074,95.202039,4,5,livistona jenkinsiana collection,0.46,NA
272,22-12-2022,padu,1862,28.287646,95.218958,4,3,livistona jenkinsiana collection,2.92,1861
273,22-12-2022,padu,1862,28.280069,95.210226,1;2;11;12,20,trapping,3.32,1861
273,22-12-2022,padu,1920,28.272086,95.235394,2;12,3,Pangolin searching,3,1861;1862;1963
273,22-12-2022,padu,1804,28.309049,95.193332,2;12,3,Pangolin searching,2.5,1861
274,22-12-2022,padu,1861,28.31538,95.198054,2;12,2,Pangolin searching,5,NA
275,22-12-2022,padu,1861,28.323753,95.199527,2;12,2,Pangolin searching,3.5,NA
276,22-12-2022,sille,1921,28.24396,95.227322,1,2,phrynium pubinerve collection,1.6,1964
276,22-12-2022,sille,1923,28.195637,95.227559,9;10,6,frog collection,3.87,1864;1922;1921
277,22-12-2022,sille,1922,28.212256,95.23958,4,2,mithun searching,2.56,1864;1921
278,23-12-2022,jeying,1864,28.250477,95.219627,12,8,hunting,1,1863
278,23-12-2022,jeying,1922,28.207612,95.238754,3;4;5,4,mithun searching,6,1863.1864;1921
279,23-12-2022,sille,1864,28.24895,95.221661,1;2;12,7,"trapping,hunting",1,NA
280,23-12-2022,jeying,1864,28.251561,95.219464,1;2;3;9;10;11;12,15,trapping,1.02,1863
280,23-12-2022,jeying,1921,28.239017,95.235805,9;12,20,cardamom farming,2.95,1864
281,23-12-2022,jeying,1979,28.220404,95.264804,1;2;3;9;10;11;12,10,"rice farming,trapping",6,1864;1921;1922
282,18-02-2023,dalbing,1795,28.553551,95.186351,1;2;3;9;10;11;12,13,trapping,0.91,1796
282,18-02-2023,dalbing,1796,28.541026,95.198549,1;2;3;9;10;11;12,13,"trapping,mithun searching",1.28,NA
283,18-02-2023,dalbing,1796,28.532004,95.17003,3,10,jhum farming,2.18,NA
283,18-02-2023,dalbing,1852,28.559496,95.219062,3,13,jhum farming,3.39,1796;1853
284,18-02-2023,dalbing,1796,28.53979,95.195642,1;2;3;9;10;11;12,10,trapping,1.11,NA
284,18-02-2023,dalbing,1795,28.556733,95.196019,1;2;3;9;10;11;12,10,trapping,1.38,1796
285,18-02-2023,dalbing,1739,28.532317,95.166997,2,3,mithun searching,2.39,1796
285,18-02-2023,dalbing,1795,28.553331,95.180042,3;4,10,jhum farming,1.01,1796
285,18-02-2023,dalbing,1852,28.562946,95.216948,1;2;11;12,3,trapping,3.53,1796;1853
285,18-02-2023,dalbing,1852,28.558055,95.217777,2,6,hunting,3.25,1796;1853
286,18-02-2023,dalbing,1795,28.555912,95.188412,1;2;9;10;11;12,6,trapping,1.6,1796
286,18-02-2023,dalbing,1853,28.539511,95.201039,1;2;3;9;10;11;12,15,trapping,1.41,1796
286,19-02-2023,dalbing,NA,28.721341,95.219175,10,5,aconite collection,20.2,1796;1795;1794;1849;1848
287,19-02-2023,kolung,1739,28.532092,95.154942,1;2;11;12,8,trapping,1.37,NA
287,19-02-2023,kolung,1852,28.558315,95.224089,1;2;11;12,7,"trapping,fishing",5.8,1739;1796;1795
287,19-02-2023,kolung,1682,28.545234,95.121495,12,14,trapping,4,1739
288,19-02-2023,kolung,1740,28.51429,95.16156,7;8,5,mithun searching,2.56,1739
289,19-02-2023,kolung,1739,28.540145,95.15625,9;10,3,mithun searching,1,NA
289,19-02-2023,kolung,1681,28.556606,95.133892,1;2,7,mithun searching,1.65,1739;1738
290,19-02-2023,gobuk,1738,28.577614,95.15183,6;7,30,rice farming,2.46,1681
290,19-02-2023,gobuk,1681,28.575923,95.118665,12,4,mithun searching,0.84,NA
290,19-02-2023,gobuk,NA,28.642919,95.184376,2,6,hunting,9.38,1681;1680;1737;1739
291,19-02-2023,gobuk,1623,28.592659,95.094369,1;2,10,mithun searching,3.59,1681;1680
291,19-02-2023,gobuk,1622,28.612778,95.106059,1;2,10,mithun searching,4.45,1681;1680;1623
291,19-02-2023,gobuk,1740,28.509897,95.16777,1;2,10,mithun searching,8.34,1681;1738;1739;1797
292,19-02-2023,gobuk,1738,28.558332,95.144102,1;2;3;4;5;9;10;11;12,15,trapping,2.68,1681
293,19-02-2023,gobuk,1680,28.591688,95.125287,1,3,"firewood collection,fencing",1.6,1681
293,19-02-2023,gobuk,1680,28.589325,95.128326,2;5,10,mithun searching,1.26,1681
294,19-02-2023,gobuk,1737,28.578946,95.153592,1,5,mithun searching,2.38,1681;1680
294,20-02-2023,gobuk,1738,28.575565,95.140795,1,5,jhum farming,1.31,1681
295,20-02-2023,gobuk,1680,28.591205,95.126217,1;2;12,6,mithun searching,1.51,1681
296,20-02-2023,gobuk,1680,28.579533,95.133638,1;6;12,10,fishing,0.85,1681
296,20-02-2023,gobuk,1737,28.589393,95.1501,2,3,hunting,2.67,1681;1680
296,20-02-2023,gobuk,1738,28.553269,95.141316,2;3;12,2,community hunting,2.88,1681
297,20-02-2023,gobuk,1737,28.582368,95.147868,2;5,4,"hunting,mithun searching",2.011,1681;1680
297,20-02-2023,gobuk,1681,28.559877,95.130742,2;5,10,mithun searching,1.95,NA
297,20-02-2023,gobuk,1852,28.56799,95.212833,2;5,10,mithun searching,8.28,1681;1738;1739;1796;1853
297,20-02-2023,gobuk,1680,28.598409,95.118528,1;2,4,hunting,2.6,1681
298,20-02-2023,gobuk,1740,28.517618,95.161477,1;2,10,mithun searching,7.14,1681;1738;1796;1797
298,20-02-2023,gobuk,1624,28.553999,95.101316,1;2,10,mithun searching,2.75,1681
298,20-02-2023,gobuk,1737,28.593078,95.143175,1;2;3,5,"hunting,mithun searching",2.19,1681;1680
299,2/20/2024,simong,1564,28.641397,95.059645,2,3,hunting,4.37,1566;1565
300,20-02-2023,simong,1621,28.656967,95.090963,2,3,hunting,5.68,1566;1565;1622
300,20-02-2023,simong,NA,28.694148,95.178073,11,5,aconite collection,17.1,1566;1565;1622;1621;1678;1677
300,20-02-2023,simong,1622,28.614529,95.084729,4;5,4,mithun searching,2.15,1566;1623;1622
301,20-02-2023,simong,1565,28.625149,95.061928,2;5,4,mithun searching,2.87,1566
302,20-02-2023,simong,1622,28.617253,95.087592,2,5,"jhum farming,mithun searching",2.32,1566;1623
302,20-02-2023,simong,1565,28.610464,95.069436,2,5,"jhum farming,mithun searching",0.98,1566
302,20-02-2023,simong,1625,28.548191,95.101597,2;5,5,"jhum farming,mithun searching",6.59,1566;1624
302,20-02-2023,simong,1623,28.584226,95.088578,11,1,hunting,2.78,1566
303,20-02-2023,simong,1565,28.623296,95.078207,1;2;12,12,trapping,2,1566
303,20-02-2023,simong,1622,28.627846,95.106083,3,3,frog collection,3,1566;1623
303,21-02-2023,simong,1623,28.60316,95.100503,3;4;5,4,mithun searching,2.66,1566
303,21-02-2023,simong,1624,28.576241,95.09571,3;4;5,4,mithun searching,3.84,1566
304,23-02-2023,komkar,1626,28.508768,95.09507,2,7,hunting,1.26,1684
304,23-02-2023,komkar,1682,28.536522,95.118038,2,5,forest boundary survey,4.17,1684;1683
305,23-02-2023,komkar,1741,28.484181,95.139445,2,5,forest boundary survey,3.59,1684
305,23-02-2023,komkar,1682,28.53103,95.108628,6;7,15,rice farming,4.57,1684;1683
305,23-02-2023,komkar,1684,28.491686,95.133884,3;4,5,mithun searching,2,NA
306,23-02-2023,komkar,1685,28.465915,95.131064,2;11;12,10,mithun searching,3.19,1684
306,23-02-2023,komkar,1625,28.528908,95.099292,11;12,15,firewood collection,4.59,1684;1683;1626
307,23-02-2023,komkar,1683,28.51241,95.128757,1;11;12,10,mithun searching,2.91,1684
307,24-02-2023,komkar,1624,28.5521922,95.098597,1;12,5,hunting,3.97,1684;1683;1626;1625
308,24-02-2023,komkar,1626,28.50815,95.086691,3;6;7,15,"rice farming,mithun searching",3,1684;1627
309,24-02-2023,komkar,1626,28.507922,95.085817,1;2;12,10,trapping,4,1684;1627
310,24-02-2023,peram,1687,28.413446,95.136231,5,3,mithun searching,3.29,1686
311,24-02-2023,peram,1687,28.409249,95.110956,2,6,hunting,7.03,1686
312,24-02-2023,peram,1799,28.451551,95.16827,1;2,3,mithun searching,6.23,1686;1743;1742
312,24-02-2023,peram,1744,28.3934,95.136724,2,5,"trapping,hunting",2.67,1687;1686
313,24-02-2023,peram,1686,28.431164,95.134227,2,5,"hunting,trapping",3.37,NA
313,24-02-2023,peram,1630,28.41073,95.080172,5,3,mithun searching,3.04,1686
314,24-02-2023,peram,1686,28.437621,95.12004,2,6,hunting,1,NA
314,24-02-2023,peram,1687,28.408654,95.108965,2;3;5,3,mithun searching,2.41,1686
314,24-02-2023,peram,1744,28.415499,95.165753,2;3;5,3,mithun searching,3,1686;1687
315,24-02-2023,peram,1687,28.408471,95.132992,2;3,3,mithun searching,2,1686
315,24-02-2023,peram,1744,28.4009,95.165355,2;3,3,mithun searching,3,1686;1687
316,24-02-2023,peram,1630,28.401548,95.085349,1;2;11;12,7,"phrynium pubinerve collection,trapping",4.24,1686
316,24-02-2023,peram,1686,28.429562,95.115225,5,3,mithun searching,0.83,NA
317,24-02-2023,ramku,1630,28.401548,95.085349,1;2;10;11;12,7,trapping,4.47,1686
317,24-02-2023,ramku,1686,28.42201,95.121126,6;7;10;11,8,rice farming,3.47,NA
318,25-02-2023,kumku,1685,28.446631,95.110526,1;11;12,2,Pangolin searching,1.72,1686
318,25-02-2023,kumku,1630,28.398011,95.091476,1;11;12,2,Pangolin searching,5.66,1686
318,25-02-2023,kumku,1686,28.436389,95.121239,1;11;12,2,Pangolin searching,2.08,NA
319,25-02-2023,kumku,1687,28.407552,95.113176,6;7;12,15,rice farming,0.75,1686
319,25-02-2023,kumku,1685,28.460338,95.130438,12,3,community hunting,3.14,1686
320,25-02-2023,kumku,1686,28.439045,95.125458,1;2;3;9;10;11;12,8,trapping,1.86,NA
320,25-02-2023,kumku,1688,28.388366,95.117038,6;7;12,20,rice farming,5.18,1686;1630;1687
321,25-02-2023,kumku,1687,28.390334,95.128601,1;2;3;9;10;11;12,8,trapping,5.17,1686;1630
321,25-02-2023,kumku,1688,28.376469,95.127574,1;2;3;9;10;11;12,8,trapping,6.04,1686;1687
322,25-02-2023,kumku,1685,28.444377,95.11399,3;10;11;12,7,"trapping,mithun searching",1.59,1687;1686
322,25-02-2023,kumku,1799,28.454669,95.172556,2,7,hunting,7,1686;1744;1743;1742
323,25-02-2023,kumku,1686,28.423662,95.124703,2;5,7,"trapping,mithun searching",2.34,NA
324,25-02-2023,bhoom,1742,28.460587,95.145177,1;2;3;10;11;12,15,trapping,3.48,1686;1743
324,25-02-2023,bhoom,1745,28.379813,95.165848,1;2;3;10;11;12,15,trapping,8.06,1686;1687;1744
324,25-02-2023,bhoom,1743,28.427029,95.158998,1;3;4;5;12,7,mithun searching,5.95,1686
325,25-02-2023,bhoom,1687,28.406717,95.113701,1;2;10;11;12,12,trapping,8.65,1686
325,25-02-2023,bhoom,1686,28.426004,95.122614,1;2;10;11;12,12,trapping,6.95,NA
325,25-02-2023,bhoom,1685,28.444168,95.121767,1;2;10;11;12,12,trapping,3.63,1686
326,25-02-2023,bhoom,1740,28.51865,95.156223,NA,NA,mithun searching,10.2,1686;1685;1684;1741
326,25-02-2023,bhoom,1686,28.419247,95.133003,1;2;10;11;12,8,trapping,3.21,NA
327,25-02-2023,bhoom,1630,28.408516,95.092226,1;2,6,trapping,1,1686;1687
327,25-02-2023,bhoom,1686,28.443087,95.117124,2,7,ritual hunting,2,NA
328,25-02-2023,ramku,1800,28.420632,95.169498,1;2;12,6,trapping,6.09,1686;1743
328,25-02-2023,ramku,1686,28.44128,95.111141,NA,10,mithun searching,2.15,NA
328,25-02-2023,ramku,1743,28.418165,95.159312,1;2;10;11;12,8,trapping,5.14,1686
328,25-02-2023,ramku,1685,28.448281,95.108743,1;2;3,5,jhum farming,3.39,1686
329,25-02-2023,ramku,1686,28.42428,95.114314,1;2;3;4;5;6;7;8;9;10;11;12,30,resident,0,NA
330,27-10-2021,aohali,2492,28.199701,95.547103,6;7;10;11,20,rice farming,3,NA
330,27-10-2021,aohali,2492,28.212324,95.533698,1;2;3;4;5;6;7;8;9;10;11;12,30,resident,0,NA
331,28-10-2021,silluk,2380,28.151775,95.479742,1;2;8,9,jhum farming,3,2379
331,28-10-2021,silluk,2379,28.175407,95.493898,1;2;3;4;5;6;7;8;9;10;11;12,30,resident,0,NA
332,29-10-2021,silluk,2267,28.132683,95.417021,2;3,9,jhum farming,7.55,2379;2323;2266;2380
332,29-10-2021,silluk,2266,28.151639,95.420898,1;2,NA,"jhum farming,hunting",4,2379;2323
333,29-10-2021,bogong,2266,28.078426,95.417461,1;2;3,20,"jhum farming,hunting",4,NA
333,29-10-2021,bogong,2436,28.1725,95.52416667,2;6;7;10,25,"rice farming,jhum farming",3,2266;2323;2322;2379
334,29-10-2021,bogong,2268,28.107682,95.419469,2;6;7;10,25,"rice farming,jhum farming",5,2266;2267
334,29-10-2021,bogong,2324,28.126655,95.449232,3,12,ritual hunting,6,2266;2267
334,29-10-2021,bogong,2325,28.098214,95.449605,2,12,jhum farming,6,2266;2267;2324
335,29-10-2021,bogong,2266,28.164719,95.417675,1;2;3;4;5;6;7;8;9;10;11;12,30,resident,0,NA
335,29-10-2021,bogong,2268,28.100592,95.416414,2;3,12,jhum farming,10,2266;2267
336,29-10-2021,serum,2385,28.011361,95.482996,1;2;3;4;5;6;7;8;9;10;11;12,30,resident,0,2386
336,29-10-2021,serum,2438,28.124177,95.512031,6;7;8;12,10,"rice farming,hunting",6,2386;2385;2384;2383;2382;2381
337,29-10-2021,siluk,2379,28.172172,95.485637,2;11;12,15,"jhum farming,hunting",3,NA
337,29-10-2021,siluk,2380,28.152104,95.471769,1;2;11;12,20,"jhum farming,hunting",5,2379
337,29-10-2021,siluk,1928,28.040782,95.221176,6;7;8;3,5,"rice farming,hunting",6,2379;2323;2266;2267;2210;2154;2097;2041;1984;1985
338,30-10-2021,siluk,2494,28.149916,95.545342,2;3,14,hunting,8,2379;2436;2437
338,30-10-2021,siluk,2495,28.126269,95.541005,2;3,14,hunting,6,2379;2436;2437;2494
339,30-10-2021,siluk,2323,28.155287,95.449141,2;4,9,jhum farming,4.65,2379;2322
339,30-10-2021,siluk,2436,28.175325,95.51198,12,15,hunting,1,2379
339,30-10-2021,siluk,2380,28.14911,95.482814,12;1,15,hunting,1,2379
340,30-10-2021,siluk,2493,28.180131,95.54883,3,7,ritual hunting,8,2379;2436
340,30-10-2021,siluk,2494,28.157197,95.535685,12;1;2,15,hunting,7,2379;2436;2437
340,30-10-2021,siluk,2495,28.119792,95.541101,10;11;12,15,hunting,7,2379;2436;2437;2438
340,30-10-2021,siluk,2496,28.100816,95.53572,3,15,ritual hunting,7,2379;2436;2437;2438;2495
341,31-10-2021,longka,2208,28.169953,95.400341,6;7;10;11,20,"rice farming,hunting",1,NA
341,31-10-2021,longka,2209,28.153684,95.396911,6;7;10;12,20,"rice farming,hunting",3,2208
342,31-10-2021,longka,2209,28.15097,95.402637,12,20,hunting,6,2208
342,31-10-2021,longka,2267,28.12527778,95.41583333,6;7;10;11;12,15,"rice farming,hunting",3,2208;2266
342,31-10-2021,longka,2323,28.150709,95.452169,6;7;10;11;12,15,"rice farming,hunting",3,2208;2265;2266
343,31-10-2021,longka,2265,28.172152,95.423284,6;7;10,30,rice farming,5,2208
344,31-10-2021,longka,2383,28.065967,95.489465,1;2;3;4;5;6;7;8;9;10;11;12,30,resident,10,2208;2209;2266;2267;2324;2325;2383;2384
345,31-10-2021,longka,2265,28.171199,95.410443,1;2;3;4;5;6;7;8;9;10;11;12,30,resident,0,2208
346,1/11/2021,darne,2210,28.122179,95.401589,3,8,ritual hunting,5,2266;2209
346,1/11/2021,darne,2266,28.146922,95.425816,3,8,ritual hunting,7,NA
346,1/11/2021,darne,2323,28.146514,95.444631,3,10,ritual hunting,10,2266
346,1/11/2021,darne,2324,28.127154,95.45155,3,10,ritual hunting,15,2266;2267
347,1/11/2021,torang,2210,28.122179,95.401589,10;11;12;1;2,15,trapping,5,2265;2266;2209
347,1/11/2021,torang,2267,28.121157,95.418158,10;11;12;1;2,15,trapping,6,2265;2266
347,1/11/2021,torang,2268,28.094885,95.421176,10;11;12;1;2,15,trapping,8,2265;2266;2267
347,1/11/2021,torang,2325,28.098626,95.445669,10;11;12;1;2,15,trapping,6,2265;2266;2267;2324
348,1/11/2021,torang,2210,28.122179,95.401589,2;3,20,"jhum farming,hunting",4,2265;2266
348,1/11/2021,torang,2267,28.124753,95.417059,2,20,jhum farming,6,2265;2266
349,1/11/2021,torang,2266,28.151639,95.420898,1;2,20,trapping,1,2265
349,1/11/2021,torang,2209,28.146158,95.399478,1;2;3,25,"jhum farming,hunting",5,2266
349,1/11/2021,torang,2267,28.131085,95.416663,1;2;3,20,"jhum farming,hunting",6,2265;2266
349,1/11/2021,torang,2498,28.041093,95.534705,1;2;3,20,"jhum farming,hunting",4,2265;2266;2267;2325;2324;2383;2441
350,1/11/2021,torang,2388,27.939915,95.485661,1;2;3;4;5;6;7;8;9;10;11;12,20,transit,25,2265;2266;2267;2387;2386;2324;2325;2383;2384;2385;2386;2387
351,2/11/2021,ayeng,2152,28.145637,95.363107,6;7;10;11,14,rice farming,2,NA
352,2/11/2021,ayeng,2153,28.1373,95.3639,12,10,bamboo collection,1,2152
353,2/11/2021,darne,2211,28.1056,95.38209,3;10,7,ritual hunting,7.14,2266;2209;2210
354,2/11/2021,bogong,2267,28.119644,95.431341,2;5,20,jhum farming,3,2266
356,2/11/2021,bogong,2210,28.130996,95.397877,3,30,"jhum farming,hunting",4,2266;2209
357,2/11/2021,bogong,2270,28.052888,95.420891,12;1;2,10,trapping,12,2266;2267;2268;2269
358,2/11/2021,bogong,2266,28.149875,95.423488,3,7,ritual hunting,2,NA
358,2/11/2021,bogong,2323,28.156293,95.453565,3,7,ritual hunting,4,2266
358,2/11/2021,bogong,2210,28.122179,95.401589,3,7,ritual hunting,5,2266;2209
359,3/11/2021,sigar,2210,28.134427,95.392973,6;7;8;12,25,"rice farming,hunting",5,2212;2211
360,3/11/2021,sigar,2212,28.077791,95.395504,1;2;3;4;5;6;7;8;9;10;11;12,30,resident,0,NA
360,3/11/2021,sigar,2210,28.130996,95.397877,3,7,ritual hunting,5,2212;2211
361,4/11/2021,motum,2326,28.083087,95.454369,2;3,15,ritual hunting,10,NA
362,4/11/2021,motum,2326,28.075693,95.452781,12;1,30,"jhum farming,hunting",1,NA
362,4/11/2021,motum,2325,28.105983,95.444547,12;1,30,"jhum farming,hunting",2,2326
363,4/11/2021,motum,2326,28.066225,95.455237,10;12,30,"rice farming,jhum farming,hunting",1,NA
364,4/11/2021,motum,2326,28.083887,95.454661,12;1;2,20,"jhum farming,hunting",2,NA
365,4/11/2021,motum,2381,28.125514,95.479698,3,10,ritual hunting,5,2326;2325;2382
366,4/11/2021,motum,2325,28.104252,95.464513,6;7;11,30,"rice farming,hunting",2,2326
366,4/11/2021,motum,2268,28.097612,95.416768,10;11,2,transit,2,2326;2325
367,4/11/2021,motum,2325,28.105538,95.462561,6;7;8,30,rice farming,2,2326
368,5/11/2021,ralling,2269,28.080248,95.416697,5;11,5,transit,2,NA
369,5/11/2021,ralling,2269,28.07889,95.426568,6;7;8;12,NA,"rice farming,hunting",1,NA
370,5/11/2021,ralling,2269,28.080055,95.411067,10;11;12;1,10,ritual hunting,4,NA
371,5/11/2021,ralling,2212,28.079674,95.387079,6;7;8;12,30,"rice farming,hunting",1,2269
371,5/11/2021,ralling,2268,28.09174,95.414912,12;1;2,5,trapping,1,2269
372,5/11/2021,ralling,2268,28.094381,95.429949,1;2,10,hunting,1,2269
372,5/11/2021,ralling,2211,28.108798,95.380161,1;2;3,20,trapping,2,2269;2212
373,5/11/2021,motum,2326,28.080603,95.451451,12;1;2,15,trapping,2,NA
374,6/11/2021,motum,2326,28.071519,95.457174,12;1,15,hunting,2,NA
374,6/11/2021,motum,2325,28.099867,95.44686,12,20,trapping,2,2326
375,6/11/2021,motum,2326,28.068781,95.449752,6;7;10;11,25,"rice farming,hunting",2,NA
375,6/11/2021,motum,2325,28.099575,95.461907,6;7;10;11,20,"rice farming,hunting",2,2326
376,6/11/2021,motum,2326,28.083237,95.459757,10;11;12;1,20,trapping,1,NA
377,6/11/2021,motum,2381,28.125832,95.477519,11;12,20,trapping,7,2326;2325;2324
378,7/11/2021,motum,2268,28.09914,95.419795,NA,NA,transit,4,2326;2325
379,7/11/2021,motum,2325,28.0915,95.447304,6;7;12;1,20,"rice farming,hunting",2,2326;
379,7/11/2021,motum,2326,28.073732,95.442998,6;7;10;11,20,"rice farming,hunting",0.5,NA
379,7/11/2021,motum,2269,28.080323,95.414023,6;7;10;11;12,20,"rice farming,hunting",1,2326
380,7/11/2021,motum,2325,28.10138,95.456657,2,20,jhum farming,1,2326
381,7/11/2021,motum,2325,28.093966,95.449407,2,20,jhum farming,2,2326
382,8/11/2021,motum,2326,28.069517,95.44526,6;7;10;11;12,15,"rice farming,hunting",0.5,NA
382,8/11/2021,motum,2382,28.101432,95.482295,6;7;10;11,10,"rice farming,hunting",4,2326;2325
382,8/11/2021,motum,2268,28.094501,95.415198,6;7;10;11;12,10,"rice farming,hunting",2,2326;2269
383,8/11/2021,motum,2325,28.109024,95.455923,2;3,14,hunting,2,2326
384,8/11/2021,serum,2385,28.024059,95.475451,6;7;8,25,rice farming,5,2386
385,8/11/2021,serum,2385,28.006736,95.482741,1;2;3;4;5;6;7;8;9;10;11;12,30,resident,0,2386
386,8/11/2021,serum,2386,27.9962,95.4918,2;11;12,30,"jhum farming,hunting",4,NA
387,8/11/2021,serum,2443,27.9807,95.5182,6;7;8;11;12,15,"rice farming,jhum farming,hunting",2,2386
387,8/11/2021,serum,2386,27.9962,95.4914,2;6;7;,NA,"rice farming,jhum farming,hunting",2,NA
388,8/11/2021,serum,2443,28.018871,95.294094,1;2;3,15,"jhum farming,hunting",3,2386
389,8/11/2021,kongkul,2443,27.9937,95.5187,2,25,jhum farming,4,2387;2386
390,9/11/2021,kongkul,2388,27.9266,95.4836,2;3,15,hunting,7,2387
390,9/11/2021,kongkul,2387,27.972389,95.486735,1;2;3;4;5;6;7;8;9;10;11;12,30,resident,0,NA
391,9/11/2021,kongkul,2443,27.9807,95.5182,3,7,hunting,2,2387;2444
391,9/11/2021,kongkul,2384,28.052336,95.473125,5;6;7;10;11,25,rice farming,6,2387;2386;2385
392,9/11/2021,kongkul,2443,27.9937,95.5187,1;2;3,15,trapping,3,2387;2386
392,9/11/2021,kongkul,2444,27.967815,95.508851,3,10,ritual hunting,2,2387
392,9/11/2021,kongkul,2384,28.044236,95.485471,10;11;12;1,10,"rice farming,hunting",6,2387;2386;2385
393,9/11/2021,kongkul,2444,27.969821,95.515032,5;6;7;10,30,rice farming,3,2387
393,9/11/2021,kongkul,2387,27.965988,95.488875,6;7;11,15,"rice farming,hunting",1,NA
394,11/11/2021,namsing,2443,27.9871,95.5122,12;1,14,hunting,4,2388;2387;2386
395,11/11/2021,namsing,2388,27.9266,95.4836,12;1;2,15,hunting,1,NA
396,11/11/2021,namsing,2446,27.91047,95.500132,11;12;1,6,hunting,3,2388
397,11/11/2021,namsing,2498,28.041093,95.534705,12;1,5,hunting,6,2388;2444;2443;2442;2499
397,11/11/2021,namsing,2445,27.93306,95.508454,6;7;8,15,rice farming,3,2388
397,11/11/2021,namsing,2388,27.9451,95.4869,11;12;1,20,trapping,1,NA
398,12/11/2021,namsing,2388,27.926,95.4846,12;1;3,15,"hunting,fishing",1,NA
398,12/11/2021,namsing,2388,27.9417,95.4867,3,8,ritual hunting,1,NA
399,13-11-2021,ayeng,2096,28.1373,95.343,5;6;2,10,"rice farming,jhum farming",1,2152;2153
400,13-11-2021,ayeng,2153,28.1364,95.3633,6;7;10;11,NA,"rice farming,hunting",1,2152
401,15-11-2021,mirem,1818,27.938954,95.177279,3;12;1,3,"hunting,mithun searching",6,1874;1875
402,15-11-2021,mirem,1816,27.99702,95.173153,12,4,"firewood collection,hunting,mithun searching",8,1874;1817
402,15-11-2021,mirem,1874,27.958646,95.202727,1;2;3;4;5;6;7;8;9;10;11;12,30,resident,0,NA
402,15-11-2021,mirem,1932,27.93312,95.24517,1,4,"firewood collection,hunting,mithun searching",4,1874;1875
402,15-11-2021,mirem,1875,27.939771,95.201022,1,4,"firewood collection,hunting,mithun searching",2,1874
403,15-11-2021,mirem,1874,27.967917,95.203818,4;12;1;2,5,"livistona jenkinsiana collection,cane collection,bamboo collection,hunting",2,NA
403,15-11-2021,mirem,1875,27.937133,95.205736,4;12;1;2,6,"livistona jenkinsiana collection,cane collection,bamboo collection,hunting",2.19,1874
404,17-11-2021,mirem,1874,27.955834,95.214873,2;3,10,hunting,1,NA
404,17-11-2021,mirem,1818,27.946213,95.167273,11,3,bamboo collection,1,1874;1875
405,16-11-2021,miglung,1930,27.99492,95.24028,11;12;1;2,20,trapping,2,1931
405,16-11-2021,miglung,1988,27.979192,95.262256,6;7;8;10,10,rice farming,3,1931
405,16-11-2021,miglung,1931,27.97441,95.22457,5,3,cow searching,1,NA
406,16-11-2021,miglung,1930,27.99492,95.24028,11;12;1,6,hunting,2,1931
406,16-11-2021,miglung,1991,27.885516,95.260171,12;1,7,"trapping,hunting",8,1931;1874;1875;1932;1933;1934
406,16-11-2021,miglung,1933,27.92135,95.24071,1;2;3;4;5;6;7;8;9;10;11;12,30,resident,0,1931;1874;1875;1932
407,17-11-2021,remi,1931,27.97441,95.22457,12;1;2,2,hunting,1,NA
407,17-11-2021,remi,1933,27.91139,95.23755,4;5,7,fishing,5,1931;1874;1875;1932
407,17-11-2021,remi,1875,27.93019,95.20463,10;11;12,6,"trapping,hunting",1,1931;1874
408,18-11-2021,ledum,1703,27.96778,95.12374,10;11;12;1,7,trapping,2,1704
409,19-11-2021,ledum,1704,27.93828,95.1145,6;7;10,10,rice farming,3,NA
410,19-11-2021,ledum,1703,27.96778,95.12374,6;7;11,25,"rice farming,hunting",1,1704
410,19-11-2021,ledum,1876,27.915546,95.201137,3,6,ritual hunting,2,1704;1761;1818;1819
411,19-11-2021,ledum,1703,27.96778,95.12374,11;12;1;2;3,15,"trapping,hunting",3,1704
411,19-11-2021,ledum,1875,27.933303,95.199706,11;12;1;2;3,6,trapping,8,1704;1761;1818
411,19-11-2021,ledum,1704,27.93828,95.1145,10;11;12;1;2,15,"trapping,hunting",3,NA
412,20-11-2021,ledum,1933,27.92019,95.23691,12;1;3,5,hunting,1,1704;1761;1818;1819;1876
412,20-11-2021,ledum,1934,27.896628,95.243654,11;12;1;2,7,trapping,12.5,1704;1761;1818;1819;1876;1933
412,20-11-2021,ledum,1704,27.934655,95.117478,3,8,ritual hunting,3,NA
412,20-11-2021,ledum,1876,27.924084,95.212229,3,7,ritual hunting,3,1704;1761;1818;1819
412,20-11-2021,ledum,1703,27.96778,95.12374,3,8,ritual hunting,4,1704
413,21-11-2021,bilat,1934,27.892523,95.243209,11;12;1;2;3,3,"trapping,hunting",2,1818;1875;1932;1933
413,21-11-2021,bilat,1817,27.965242,95.172184,3,9,ritual hunting,4,1818
414,21-11-2021,bilat,1875,27.94585,95.21255,3,9,ritual hunting,9,1818
414,22-11-2021,bilat,1819,27.921064,95.177113,6;7;8,30,rice farming,3,1818
415,22-11-2021,bilat,1875,27.94047,95.19482,11;12;1;2;3,6,"trapping,hunting",2,1818
415,22-11-2021,bilat,1818,27.9495,95.1704,11;12;1;2,6,"trapping,hunting",2,NA
416,22-11-2021,bilat,1818,27.951149,95.162298,12;1,15,hunting,3,NA
416,22-11-2021,bilat,1817,27.963306,95.178603,12;1;2,5,trapping,1,1818
417,22-11-2021,bilat,1874,27.96439,95.191042,6;7;12;1,8,"rice farming,hunting",2,1818;1875
417,22-11-2021,bilat,1818,27.93711,95.17062,3,7,ritual hunting,0.5,NA
418,23-11-2021,bilat,1818,27.9495,95.1704,12;1;2,15,"trapping,hunting",2,NA
419,23-11-2021,bilat,1818,27.9495,95.1704,6;7,10,rice farming,0.5,NA
419,23-11-2021,bilat,1875,27.95409,95.194925,12;1;2,4,trapping,1,1818
420,24-11-2021,tekang,1987,27.996301,95.274921,10,15,palm oil plantation,2,1929;1986
420,24-11-2021,tekang,1932,27.942556,95.234149,6;7;8,20,rice farming,4,1929;1930;1931
420,24-11-2021,tekang,1877,27.897171,95.201536,3,7,ritual hunting,3,1929;1930;1931;1933;1876
421,24-11-2021,tekang,1987,27.98693,95.26465,3;4;9,30,vegetable farming,4,1929;1930
421,24-11-2021,tekang,1928,28.047381,95.236701,10;11;12;1,10,"trapping,hunting",7,1929
422,24-11-2021,tekang,1872,28.021375,95.213495,6;7;2,30,"rice farming,jhum farming",3,1929
423,3/12/2021,yagrung,1872,28.030295,95.216046,12;1;2;3,20,"trapping,hunting",3,1930;1929
423,3/12/2021,yagrung,1934,27.892644,95.241225,3,2,ritual hunting,1,1930;1874;1875;1932;1933
423,3/12/2021,yagrung,1935,27.86937,95.238445,12,4,transit,10,1930;1874;1875;1932;1933;1934
423,3/12/2021,yagrung,1931,27.97441,95.22457,11;12;1;2,5,"trapping,hunting",1,1930
424,28-11-2021,sibut,1987,27.98794,95.27027,6;7;8,20,"rice farming,vegetable farming",3,1929;1930
424,28-11-2021,sibut,1986,28.011077,95.272262,6;7;8,15,"rice farming,vegetable farming",3,1929
424,28-11-2021,sibut,1988,27.979127,95.257001,1;2,15,hunting,6,1929;1930;1931
425,28-11-2021,sibut,1987,27.98828,95.27128,11;12;1;2,15,"trapping,hunting",3,1929;1986
426,28-11-2021,sibut,1987,27.990239,95.273447,6;7;11;12,30,"rice farming,hunting",4,1929;1986
427,28-11-2021,sibut,1987,27.986667,95.276851,11;12,20,"silkworm rearing,hunting",3,1929
427,28-11-2021,sibut,1986,28.015105,95.27836,12;1;2;3,7,trapping,1,1929
428,1/12/2021,sibut,1929,28.017458,95.223546,6;7;11;12;1,25,"rice farming,hunting",2,NA
428,1/12/2021,sibut,1987,27.99374,95.2654,6;7;12;1;2,25,"rice farming,hunting",3,1929;1930
428,1/12/2021,sibut,1930,27.99492,95.24028,6;7;12;1,25,"rice farming,hunting",2,1929
429,1/12/2021,sibut,2044,27.990296,95.289906,10;3,4,ritual hunting,7,1929;1986;2043
430,1/12/2021,sibut,2044,27.9902,95.287066,6;7;12;1;,14,"rice farming,bamboo collection,hunting",7,1929;1986;2043
431,1/12/2021,sibut,2044,28.004298,95.292774,4;5,30,"vegetable farming,bamboo collection,hunting",7,1929;1986;2043
432,1/12/2021,sibut,2044,27.98903,95.29044,6;7;11;12,10,"rice farming,hunting",7,1929;1986;2043
432,1/12/2021,sibut,1931,27.97441,95.22457,12;3,15,"hunting,fishing",3,1929;1930
433,1/12/2021,sibut,2044,27.98878,95.28977,4;5;6,30,"vegetable farming,hunting",7,1929;1986;2043
434,2/12/2021,sibut,1931,27.97933,95.23514,1,2,fishing,3,1929;1930
434,2/12/2021,sibut,1930,27.99492,95.24028,10;1;3,14,"hunting,fishing",5,1929
435,2/12/2021,sibut,2044,27.98845,95.29363,12;1;3,15,hunting,6,1929;1986;2043
436,2/12/2021,sibut,1929,28.013007,95.243948,1;2;3;4;5;6;7;8;9;10;11;12,30,resident,0,NA
437,3/12/2021,sibut,1987,28.001718,95.271254,6;7,7,rice farming,2.66,1929;1986
437,3/12/2021,sibut,2045,27.963176,95.295726,6;7,8,rice farming,6.6,1929;1986;2043;2044
437,3/12/2021,sibut,2044,27.99242,95.29933,6;7,7,rice farming,4.02,1929;1986;2043
438,29-11-2021,takilalung,1986,28.010025,95.27192,3;9,15,mithun searching,2,NA
439,29-11-2021,takilalung,1987,27.98332,95.26683,12;1;2;3,20,trapping,3,1986
439,29-11-2021,takilalung,1986,28.009893,95.276886,12,10,hunting,7,NA
440,29-11-2021,takilalung,1988,27.95688,95.25259,11;12,15,hunting,10,1987;1986
441,29-11-2021,takilalung,2043,28.02655,95.292367,11;12;1;2;3,20,trapping,3,1986
442,29-11-2021,takilalung,2044,27.901035,95.288713,11;12;1,15,trapping,5,1986;1987
442,29-11-2021,takilalung,1987,27.990239,95.273447,7;12,15,"rice farming,hunting",1,1986
443,29-11-2021,takilalung,1986,28.01216,95.266993,11;12;3,7,hunting,0.5,NA
443,29-11-2021,takilalung,2044,27.98845,95.29363,3,5,ritual hunting,6,1987;1986
444,29-11-2021,takilalung,2044,27.906213,95.284771,3,7,ritual hunting,6,1987;1986
445,30-11-2021,takilalung,2043,28.016505,95.289122,4;5;10,20,"vegetable farming,hunting",3,1986
445,30-11-2021,takilalung,1986,28.019331,95.278052,4;5;8,20,"vegetable farming,hunting",1,NA
446,1/12/2021,takilalung,1987,28.004985,95.266579,8;9;11,3,"vegetable farming,hunting",4,1986
447,1/12/2021,takilalung,1930,27.99492,95.24028,2;3;4,20,vegetable farming,4,1986;1987
448,2/12/2021,yagrung,1930,27.988135,95.231368,5;6,10,vegetable farming,3,NA
448,2/12/2021,yagrung,1987,27.990239,95.273447,6;7;10,16,rice farming,4,1930
449,2/12/2021,yagrung,1930,27.976773,95.24323,6;7;10,30,rice farming,2,NA
449,2/12/2021,yagrung,1988,27.96219,95.27222,3,10,ritual hunting,9,1987;1930
450,2/12/2021,yagrung,1988,27.979192,95.262256,6;7;11;12,25,"rice farming,hunting",1,1930;1987
451,2/12/2021,yagrung,1988,27.979127,95.257001,12;1;2;3,10,"bamboo collection,hunting",3,1987;1930
451,2/12/2021,yagrung,1931,27.97441,95.22457,12,7,cane collection,2,1930
452,2/12/2021,yagrung,1988,27.95688,95.25259,6;7;11;12,11,"rice farming,hunting",4,1930;1987
453,3/12/2021,yagrung,1988,27.96219,95.27222,9;10;11,20,"vegetable farming,hunting",4,1930
453,3/12/2021,yagrung,1987,27.990239,95.273447,9;10;11,20,"vegetable farming,bamboo collection,hunting",6,1930
454,3/12/2021,yagrung,1988,27.96219,95.27222,12;3,15,"bamboo collection,hunting",5,1930;1937
456,3/12/2021,yagrung,1931,27.97441,95.22457,3,10,ritual hunting,2,1930
456,3/12/2021,yagrung,1987,27.990239,95.273447,2,15,jhum farming,3,1930
457,5/12/2021,mangnang,2047,27.90103,95.28056,11;12;1;2,15,trapping,1,1990
457,5/12/2021,mangnang,1991,27.89718,95.27029,11;12;1;2,30,trapping,4,1990
458,5/12/2021,mangnang,2047,27.90506,95.28139,10;3,10,ritual hunting,2,1990
459,5/12/2021,mangnang,1991,27.89378,95.2768,3,5,ritual hunting,2,1990
459,5/12/2021,mangnang,1990,27.908546,95.275993,1;2;3;4;5;6;7;8;9;10;11;12,30,resident,0,NA
459,5/12/2021,mangnang,2047,27.90185,95.28396,3,5,ritual hunting,3,1990
460,5/12/2021,mangnang,1990,27.921404,95.272244,3,6,ritual hunting,3,NA
460,5/12/2021,mangnang,1991,27.89378,95.2768,11;12;1;2;3,6,trapping,1,1990
461,7/12/2021,mikong,1933,27.9204,95.2352,11;12;1,30,trapping,2,NA
462,7/12/2021,mikong,1933,27.91616,95.22683,12;3,3,hunting,7,NA
462,7/12/2021,mikong,1875,27.93019,95.20463,11;12;1;2;3,5,trapping,6,1932;1933
462,7/12/2021,mikong,1876,27.92395,95.21454,11;12;1,5,trapping,7,1933
463,7/12/2021,mikong,1875,27.94514,95.21169,12;1;2;3,7,trapping,4,1932;1933
463,7/12/2021,mikong,1933,27.919052,95.239036,1;2;3;4;5;6;7;8;9;10;11;12,30,resident,0,NA
464,8/12/2021,mikong,1875,27.93753,95.20463,12;1;2,4,hunting,7,1932;1933
464,8/12/2021,mikong,1876,27.91029,95.19225,11;12;1;2,6,trapping,7,1933
464,8/12/2021,mikong,1934,27.89754,95.24196,12;1,15,cane collection,2,1933
465,8/12/2021,mikong,1875,27.93166,95.19803,11;12;1;2;3,5,trapping,7,1932;1933
465,8/12/2021,mikong,1933,27.91139,95.23755,11;12;1;2;3,5,trapping,2,NA
465,8/12/2021,mikong,1932,27.929,95.23058,11;12;1;2;3,5,trapping,2,1933
466,8/12/2021,mikong,1933,27.91249,95.22316,11;12;1;2;3,6,trapping,5,NA
466,8/12/2021,mikong,1932,27.93312,95.24517,11;12;1;2;3,10,trapping,3,1933
467,8/12/2021,mikong,1933,27.91671,95.22893,11;12;1;2;3,7,trapping,2,NA
468,8/12/2021,mikong,1933,27.9177,95.2307,3,7,ritual hunting,2,NA
469,8/12/2021,mikong,1934,27.89132,95.23801,3,7,ritual hunting,3,1933
469,8/12/2021,mikong,1875,27.94585,95.21255,10;3,15,ritual hunting,7,1932;1933
469,8/12/2021,mikong,1932,27.929,95.23058,10;3,15,ritual hunting,4,1933
469,8/12/2021,mikong,1933,27.91432,95.23609,12;1;2;3,25,trapping,3,NA
470,9/12/2021,mikong,1876,27.91251,95.212283,11;12;1;2;3,6,trapping,3.25,1933
470,9/12/2021,mikong,1932,27.92946,95.230733,11;12;1;2;3,7,trapping,1.26,1933
470,9/12/2021,mikong,1933,27.912827,95.233931,3,5,ritual hunting,1.05,NA
471,9/12/2021,niglok,1934,27.8974,95.2428,12;1,2,"firewood collection,hunting",3,NA
471,9/12/2021,niglok,1876,27.91102,95.20656,10;11;12,15,rubber farming,2,1933;1934
472,9/12/2021,niglok,1934,27.8892,95.2451,2;3,17,"firewood collection,hunting",2,NA
472,9/12/2021,niglok,1933,27.902829,95.230109,1;2;3;4;5;6;7;8;9;10;11;12,30,resident,0.2,1934
473,10/12/2021,niglok,1934,27.8884,95.2432,12;1,12,hunting,4,NA
474,10/12/2021,niglok,1819,27.919738,95.174241,4;5;11,15,"vegetable farming,hunting",2,1933;1876;1934
474,10/12/2021,niglok,1990,27.903083,95.274303,4;5;11,15,"vegetable farming,hunting",3,1933;1934
475,10/12/2021,niglok,1934,27.8883,95.2449,2,10,"firewood collection,hunting",0.3,NA
475,10/12/2021,niglok,1933,27.91166,95.23618,5;6,15,vegetable farming,2,1934
475,10/12/2021,niglok,1990,27.90112,95.27635,6;7;8,15,"rice farming,vegetable farming",2,1933;1934
476,11/12/2021,rallung,1877,27.8798,95.2098,12;1,10,"orange farming,hunting",3,1934
477,11/12/2021,rallung,1877,27.8827,95.2145,3,4,ritual hunting,3,1934
478,11/12/2021,rallung,1877,27.8759,95.2127,11;12;1,15,"cardamom farming,hunting",3,1934
479,11/12/2021,rallung,1877,27.8754,95.2158,10;11;12;1;2,7,trapping,2,1934
480,11/12/2021,rallung,1877,27.8775,95.2077,2;3,12,hunting,3,1934
481,11/12/2021,rallung,1934,27.8977,95.2457,3,3,ritual hunting,4,NA
482,12/12/2021,ngorlung,1877,27.8758,95.2002,10;11;12,30,rubber farming,1,1878;1935
482,12/12/2021,ngorlung,1934,27.8921,95.2416,12;1,15,hunting,1,1935
483,12/12/2021,ngorlung,1877,27.8758,95.2034,10;11;12,30,rubber farming,2,1935;1878
484,12/12/2021,ngorlung,1935,27.8666,95.2385,3,4,ritual hunting,2,NA
484,12/12/2021,ngorlung,1934,27.8974,95.2428,11;12;1;2;3,20,trapping,1,1935
485,12/12/2021,ngorlung,1935,27.871,95.2413,10;11;12,30,"rubber farming,hunting",2,NA
485,12/12/2021,ngorlung,1877,27.8798,95.2098,10;11;12,30,"rubber farming,hunting",2,1878;1935
486,12/12/2021,ngorlung,1877,27.8827,95.2145,10;11;12,30,rubber farming,3,1935;1878
487,12/12/2021,debbing,1764,27.8514,95.1424,12;1,15,"orange farming,hunting",1,NA
488,12/12/2021,debbing,1764,27.85061,95.14712,3,5,ritual hunting,3,NA
489,12/12/2021,debbing,1764,27.85223,95.13926,3,6,hunting,2,NA
490,12/12/2021,debbing,1764,27.84971,95.14345,12,2,hunting,8,NA
490,12/12/2021,debbing,1705,27.92529,95.1191,12,3,hunting,9,1764;1763;1706
491,13-12-2021,rayang,1764,27.84907,95.15138,1;2;3;12,15,trapping,2,1878;1821
492,13-12-2021,rayang,1764,27.85223,95.13926,10;11;12,25,"orange farming,rubber farming",4,1821;1878
492,13-12-2021,rayang,1878,27.852823,95.199964,1;2;3;4;5;6;7;8;9;10;11;12,30,resident,0,NA
493,14-12-2021,linka,1991,27.868657,95.270843,11,30,"vegetable farming,rubber farming",1,1992
493,14-12-2021,linka,1992,27.868892,95.26373,1;2;3;4;5;6;7;8;9;10;11;12,30,resident,2,NA
494,14-12-2021,linka,2049,27.868072,95.2805,1;2;11;12,20,trapping,4,1992
495,14-12-2021,linka,1934,27.8892,95.2451,1;2;3;11;12,18,trapping,2.72,1992;1991
496,15-12-2021,twelve mile,2047,27.903301,95.290651,2;3;11;12,20,trapping,1,2048
497,15-12-2021,twelve mile,2047,27.90527778,95.2825,3,6,ritual hunting,0.5,2048
498,16-12-2021,twelve mile,2048,27.888086,95.287546,1;2;3,6,trapping,1,NA
498,16-12-2021,twelve mile,1991,27.89496,95.264559,3,6,ritual hunting,4,2048
499,16-12-2021,oyan,2105,27.886909,95.324006,1;2;3;11;12,15,trapping,2,NA
499,16-12-2021,oyan,2162,27.885029,95.348449,1;2;3;11;12,15,trapping,5,2105
500,16-12-2021,oyan,2105,27.878086,95.329091,1;2;3;11;12,15,trapping,2,NA
500,16-12-2021,oyan,2161,27.91083333,95.34111111,1;2;3;11;12,15,trapping,4,2105
501,16-12-2021,oyan,2105,27.88444444,95.32138889,3,12,ritual hunting,2,NA
501,16-12-2021,oyan,2162,27.88555556,95.36388889,3,12,ritual hunting,2,2105
501,16-12-2021,oyan,2161,27.89972222,95.34722222,3,12,ritual hunting,3,2104;2105
502,16-12-2021,oyan,2104,27.89861111,95.32972222,6;7;10;11,10,rice farming,5,2105
502,16-12-2021,oyan,2216,27.957102,95.390361,3,10,ritual hunting,9,2160;2161;2104;2105
503,17-12-2021,oyan,2162,27.877283,95.363004,3,3,ritual hunting,5,2105
504,17-12-2021,oyan,2105,27.88277778,95.31583333,3;4;11;12,15,tea plantation,0.5,NA
505,18-12-2021,sille,2047,27.90388889,95.28888889,1;2;3;11;12,15,trapping,1,NA
505,18-12-2021,sille,2048,27.884708,95.287179,3,8,hunting,2.54,2047
506,18-12-2021,sille,2104,27.90444444,95.32611111,3,9,hunting,3,2047
507,18-12-2021,sille,2047,27.904449,95.287173,1;2;11;12,30,hunting,3,NA
507,18-12-2021,sille,2048,27.88666667,95.28638889,1;2;11;12,30,hunting,5,2047
508,18-12-2021,sille,1992,27.86138889,95.26583333,3,7,hunting,3,2048;1991;2047
509,19-12-2021,sille,2047,27.901926,95.282933,1;2;11;12,20,hunting,3,NA
509,19-12-2021,sille,2048,27.883563,95.283357,1;2;11;12,20,hunting,3,2047
510,19-12-2021,sille,2048,27.887348,95.282997,3,14,hunting,3,2047
511,19-12-2021,sille,2047,27.904092,283904,3,14,hunting,3,NA
511,19-12-2021,sille,2048,27.89861111,95.28888889,3,10,hunting,3,2047
512,19-12-2021,sille,2049,27.869105,95.281147,3,6,hunting,3,2047;2048
512,19-12-2021,sille,2048,28.887302,95.285298,3,10,trapping,2.57,2047
513,19-12-2021,sille,1991,27.892593,95.271645,3,5,hunting,4,2048;2047
513,19-12-2021,sille,2047,27.901476,95.290597,3,5,hunting,3,NA
514,19-12-2021,sille,2047,27.90305556,95.28611111,3,6,hunting,2,NA
515,21-12-2021,berung,2159,27.959025,95.356461,3,8,hunting,6,NA
515,21-12-2021,berung,2160,27.943222,95.362461,3,7,trapping,1,2159
516,21-12-2021,berung,2158,28.005284,95.354021,3,6,hunting,0.5,2159
516,21-12-2021,berung,2101,27.987386,95.326768,6;7;10;11,15,rice farming,2,2159;2158
517,21-12-2021,berung,2159,27.97888889,95.35777778,1;2;11;12,15,hunting,4,NA
518,21-12-2021,berung,2158,27.98861111,95.3625,3,4,hunting,3,2159
518,21-12-2021,berung,2216,27.95709,95.376176,3,7,hunting,2,2159
519,22-12-2021,berung,2158,27.990076,95.35922,5;11,5,"vegetable farming,pepper farming",2,2159
520,22-12-2021,berung,2159,27.973707,95.363309,3,5,ritual hunting,2,NA
520,22-12-2021,berung,2158,27.98861111,95.3625,10,NA,hunting,2,2159
521,22-12-2021,berung,2159,27.958848,95.355772,3,5,ritual hunting,2,NA
522,22-12-2021,berung,2158,27.97944444,95.35555556,1;2;11;12,25,hunting,2,2159
523,22-12-2021,berung,2159,27.96861111,95.36222222,1;2;11;12,30,hunting,2,NA
523,22-12-2021,berung,2101,27.984,95.3388,3,7,ritual hunting,1,2159;2158
524,22-12-2021,berung,2160,27.946899,95.367282,3,6,ritual hunting,3.63,2159
525,22-12-2021,berung,2160,27.93953,95.368333,5;11,10,vegetable farming,4.6,2159
525,22-12-2021,berung,2159,27.984528,95.366792,3,7,ritual hunting,1.8,NA
526,22-12-2021,berung,2159,28.003247,95.353817,3,5,trapping,2.63,NA
526,22-12-2021,berung,2216,27.960301,95.375864,3,8,ritual hunting,4,2159
527,23-12-2021,rani,2102,27.96764,95.320724,1;12,2,bamboo collection,7,NA
528,23-12-2021,rani,2158,27.98083333,95.37111111,1;2;11;12,15,trapping,7,2102;2159
528,23-12-2021,rani,2216,27.965225,95.379025,10,NA,hunting,3,2159;2102
528,23-12-2021,rani,1876,27.9124,95.2082,11,NA,hunting,5,2046;1989;1990;2102;1933
529,23-12-2021,rani,2159,27.95333333,95.35444444,1;2;11;12,15,hunting,4.31,2102
529,23-12-2021,rani,2045,27.963122,95.296024,3,6,trapping,1,2102
529,23-12-2021,rani,2102,27.96975,95.31634,3,5,trapping,2,NA
530,24-12-2021,rani,2102,27.96863,95.32194,1;12,3,bamboo collection,0.2,NA
531,24-12-2021,rani,2102,27.95805556,95.31361111,1;12,5,bamboo collection,0.1,NA
532,24-12-2021,rani,2103,27.94638889,95.32166667,6;7;10;11,30,rice farming,2,2102
532,24-12-2021,rani,2102,27.967444,95.319731,1;12,5,bamboo collection,0.5,NA
533,24-12-2021,rani,2215,27.99583333,95.375,3,7,ritual hunting,8,2159;2158;2102
534,24-12-2021,rani,2157,28.02194444,95.36916667,3,7,ritual hunting,12,2101;2158;2102
534,24-12-2021,rani,2102,27.96805556,95.31083333,1;12,8,bamboo collection,0.5,NA
535,24-12-2021,rani,2046,27.93777778,95.3075,12,3,bamboo collection,5,2102;2045
535,24-12-2021,rani,2045,27.96861111,95.31,3,7,ritual hunting,0.5,2102
536,24-12-2021,rani,2102,27.96916667,95.31138889,3,7,ritual hunting,0.2,NA
536,24-12-2021,rani,2044,27.98388889,95.30611111,NA,NA,miscellaneous,0.6,2045;2102
537,25-12-2021,sika bamin,2105,27.88305556,95.32972222,1;2;11;12,20,trapping,2,2104;2160;2161
537,25-12-2021,sika bamin,2161,27.915441,95.346576,1;2;3;4;5;6;7;8;9;10;11;12,30,resident,0,2160
538,25-12-2021,sika bamin,2162,27.879084,95.359886,3,10,ritual hunting,2,2160;2161
539,25-12-2021,sika bamin,2161,27.91722222,95.36583333,1;2;3;4;5;6;7;8;9;10;11;12,30,resident,0,2160
540,25-12-2021,sika bamin,2161,27.906239,95.347709,1;2;3;4;5;6;7;8;9;10;11;12,30,resident,0,2160
541,25-12-2021,sika bamin,2161,27.91277778,95.34361111,5;12,20,tea plantation,0.6,2160
542,26-12-2021,sika bamin,2159,27.95527778,95.35527778,3,10,ritual hunting,8,2160
543,26-12-2021,sika bamin,2161,27.906889,95.343347,3,5,ritual hunting,1,2160
544,27-12-2021,sika bamin,2161,27.90472222,95.34694444,3,6,ritual hunting,1,2160
545,28-12-2021,sika tode,2159,27.95972222,95.35944444,1;2;11;12,15,trapping,3,2161;2160
545,28-12-2021,sika tode,2160,27.940303,95.3588,3,10,trapping,2,2161
546,28-12-2021,sika tode,2160,27.937081,95.356287,1,6,bamboo garden,0.5,2161
547,28-12-2021,sika tode,2160,27.95166667,95.35638889,1;2;11;12,25,trapping,1,2161
548,28-12-2021,sika tode,2160,27.93833333,95.34194444,12,30,"bamboo collection,hunting",0.6,2161
549,28-12-2021,sika tode,2103,27.94027778,95.31472222,6;7;10;11,10,rice farming,6,2161;2104
550,28-12-2021,sika tode,2160,27.936059,95.345793,1;2;3;4;5;6;7;8;9;10;11;12,30,resident,3,2161
551,29-12-2021,ngopok,2440,28.06361111,95.5175,6;7;10;11,30,rice farming,2,2383
551,29-12-2021,ngopok,2384,28.05252,95.474284,1;2;11;12,30,trapping,2,2383
552,29-12-2021,ngopok,2440,28.070332,95.507405,10;11;12,7,"rice farming,hunting",3,2383
553,29-12-2021,ngopok,2382,28.096931,95.469996,1;2;3,5,trapping,5,2383
554,30-12-2021,ngopok,2382,28.08861111,95.4725,1;2;11;12,15,trapping,3,2383
554,30-12-2021,ngopok,2383,28.08083333,95.48277778,1;2;11;12,15,trapping,3,NA
554,30-12-2021,ngopok,2384,28.05444444,95.47777778,1;2;11;12,15,trapping,7,2383
555,30-12-2021,ngopok,2439,28.08916667,95.50194444,1;2;11;12,25,trapping,5,2383
555,30-12-2021,ngopok,2382,28.100811,95.474655,1;2;11;12,25,trapping,6,2383
556,30-12-2021,ngopok,2382,28.08972222,95.46722222,1;2;11;12,15,trapping,1,2383
557,30-12-2021,ngopok,2383,28.07444444,95.47055556,1;2;6;7;10;11;12,25,"rice farming,hunting",2,NA
557,30-12-2021,ngopok,2440,28.06472222,95.49583333,1;2;11;12,15,trapping,2,2383
558,3/1/2022,ngopok,2384,28.05527778,95.47805556,1;2;11;12,20,trapping,3,2383
558,3/1/2022,ngopok,2383,28.069508,95.487888,1;2;3;4;5;6;7;8;9;10;11;12,30,resident,0,NA
558,3/1/2022,ngopok,2440,28.07888889,95.50305556,3,7,hunting,3,2383
559,3/1/2022,ngopok,2383,28.08083333,95.48277778,1;2,3,jhum farming,3,NA
560,3/1/2022,ngopok,2382,28.08861111,95.4725,3;10;11,8,ritual hunting,5,2383
561,3/1/2022,ngopok,2439,28.08555556,95.51972222,1;2;11;12,15,hunting,7,2383;2440
561,3/1/2022,ngopok,2383,28.066756,95.479978,1;2;3;4;5;6;7;8;9;10;11;12,30,resident,0,NA
561,3/1/2022,ngopok,2382,28.089148,95.473599,1;2;3,30,sugarcane farming,9,2383
562,4/1/2022,ngopok,2440,28.063555,95.521823,1;2,30,jhum farming,5,2383
563,4/1/2022,ngopok,2440,28.063902,95.515331,3,2,phrynium pubinerve collection,6,2383
564,28-04-2022,rengging,1981,28.144289,95.274665,1;2;312,10,trapping,5,1982
565,28-04-2022,rengging,1981,28.145642,95.269385,3,7,ritual hunting,3,1982
566,29-04-2022,rengging,1981,28.145549,95.267884,1;2;11;12,15,trapping,6,1982
567,29-04-2022,rengging,1982,28.130214,95.261972,1;2;11;12,14,trapping,0.5,NA
568,29-04-2022,rengging,1981,28.145642,95.269385,1;2;11;12,15,trapping,0.6,1982
568,29-04-2022,rengging,2039,28.1274,95.286536,1;2;11;12,15,trapping,2,1982
569,29-04-2022,rengging,1982,28.127786,95.282411,1;2;3;4;5;6;7;8;9;10;11;12,30,resident,0,NA
570,30-04-2022,pasighat,2210,28.129796,95.391101,1;3;12,7,hunting,17,2154;2266
571,4/4/2023,silluk,2380,28.147741,95.482106,3,4,hunting,3,2379
