unique.ind,village,id,latitude,longitude,presence.absence,signs,freq.sighting,year.obs,sighting.month
4,katan,1746,28.341018,95.157406,1,nb,year,2023,2
5,katan,1804,28.332162,95.177703,1,nb,year,2023,2
6,katan,1748,28.296159,95.161841,1,nb,month,2023,1;2
6,katan,1748,28.300836,95.15971,1,nb,month,2023,1;2
6,katan,1691,28.301506,95.133657,1,nb,month,2023,1;2
6,katan,1804,28.309045,95.173581,1,nb,month,2023,1;2
6,katan,1804,28.330782,95.168991,1,nb,year,2023,2
7,katan,1748,28.288749,95.148803,1,nb,year,2023,2
8,katan,1747,28.329669,95.164021,1,nb,year,2023,2
9,katan,1749,28.271817,95.156393,1,nb,year,2023,2
10,katan,1804,28.312088,95.171961,1,nb,year,2023,2
10,katan,1804,28.331702,95.179776,1,"nb,ob",year,2023,NA
11,katan,1747,28.326394,95.157808,1,ds,NA,2023,NA
11,katan,1804,28.328103,95.172274,1,"nb,ob",year,2022,NA
11,katan,1804,28.328103,95.172274,1,"nb,ob",year,2023,NA
12,katan,1747,28.316012,95.138037,1,"nb,ob",NA,2020,NA
12,katan,1747,28.327269,95.143007,1,nb,NA,2023,NA
13,katan,1748,28.298675,95.135931,1,nb,NA,2023,10
13,katan,1804,28.313651,95.173679,1,ob,year,2021,NA
13,katan,1804,28.313651,95.173679,1,ob,year,2022,NA
13,katan,1804,28.313651,95.173679,1,ob,year,2023,NA
14,katan sibum,1804,28.307591,95.168545,1,nb,NA,2023,2
15,katan sibum,1748,28.300743,95.159167,1,nb,year,2023,NA
15,katan sibum,1748,28.30102,95.154964,1,nb,year,2023,NA
16,katan sibum,1748,28.301032,95.161469,1,nb,NA,2022,11
16,katan sibum,1748,28.300626,95.160445,1,ds,NA,2022,11
16,katan sibum,1748,28.299644,95.147759,1,ds,NA,2022,11
17,katan sibum,1690,28.31086,95.119352,1,nb,week,2023,2
17,katan sibum,1690,28.310777,95.11137,1,nb,week,2023,2
17,katan sibum,1747,28.3163,95.145417,1,ob,NA,2023,1
18,katan sibum,1748,28.302784,95.144163,1,ds,month,2023,NA
19,katan sibum,1748,28.298993,95.143998,1,"nb,ob",NA,2022,11;12
19,katan sibum,1747,28.310984,95.142042,1,"nb,ob",NA,2023,2
20,sumsing,1690,28.31808,95.124549,1,nb,NA,2022,9
20,sumsing,1688,28.365479,95.106121,1,ob,year,2022,NA
20,sumsing,1688,28.362598,95.127666,1,ob,year,2023,NA
21,sumsing,1688,28.36315,95.123475,1,nb,NA,2023,2
22,sumsing,1745,28.367954,95.158922,0,"nb,ob",year,2014,NA
22,sumsing,1746,28.347745,95.146254,0,"nb,ob",year,2015,NA
23,sumsing,1631,28.363436,95.099685,1,ob,NA,2022,NA
23,sumsing,1631,28.368074,95.097499,1,ob,NA,2022,NA
24,sumsing,1689,28.361784,95.128512,1,fs,week,2023,2
25,sumsing,1689,28.361744,95.12819,0,ob,year,2019,NA
26,sumsing,1631,28.37063,95.094819,0,ob,year,2019,NA
27,sumsing,1690,28.333156,95.132559,0,ob,year,1027,NA
28,sumsing,1687,28.39152,95.110826,1,"nb,fs",year,2022,7
31,pongging,1867,28.156626,95.206801,1,nb,NA,2020,NA
36,jeru,1807,28.238456,95.191702,1,ds,NA,2023,2
36,jeru,1806,28.269408,95.181617,1,"nb,ds",NA,2023,2
36,jeru,1807,28.243566,95.177438,1,"nb,ob",NA,2023,2
37,jeru,1807,28.226417,95.168138,1,ob,NA,2021,NA
39,jeru,1863,28.255204,95.196714,1,"nb,fs",year,2022,9
40,gette,1392,28.682934,94.983188,1,"nb,ob",year,2022,NA
40,gette,1392,28.682934,94.983188,1,"nb,ob",year,2023,NA
40,gette,1448,28.691695,95.014671,1,"nb,ob",year,2021,NA
40,gette,1448,28.691695,95.014671,1,"nb,ob",year,2022,NA
40,gette,1449,28.679294,95.005539,1,"nb,ob",year,2021,NA
40,gette,1449,28.679294,95.005539,1,"nb,ob",year,2022,NA
42,gette,1449,28.6843611,95.003505,1,"nb,ob",NA,2023,1
42,gette,1392,28.6849782,94.9829606,1,"nb,ob",NA,2023,3
41,gette,1504,28.719033,95.026216,1,ob,NA,2021,NA
44,gette,1448,28.6993936,94.9977171,1,nb,NA,2023,1
44,gette,1448,28.6956251,95.014198,0,ob,NA,2013,NA
42,gette,1449,28.684935,94.997168,1,nb,NA,2023,NA
45,gette,1449,28.686419,95.00524,1,nb,NA,2023,3
45,gette,1392,28.681776,94.983183,1,ob,year,2021,NA
45,gette,1506,28.683046,95.023737,1,nb,year,2023,1
46,moying,1451,28.617996,94.989967,1,nb,NA,2023,1
47,moying,1449,28.670952,95.007997,1,nb,NA,2023,1
48,moying,1506,28.679976,95.021709,0,"nb,ob",year,2018,NA
48,moying,1506,28.679976,95.021709,0,"nb,ob",year,2017,NA
48,moying,1509,28.594143,95.03087,1,nb,NA,2021,NA
49,gossang,1393,28.660054,94.987357,1,"nb,ob",year,2022,NA
49,gossang,1393,28.660054,94.987357,1,"nb,ob",year,2023,NA
49,gossang,1450,28.635419,94.995615,1,"nb,ob",year,2022,NA
49,gossang,1450,28.635419,94.995615,1,"nb,ob",year,2023,NA
49,gossang,1452,28.599727,95.015458,1,"nb,ob",year,2022,NA
49,gossang,1452,28.599727,95.015458,1,"nb,ob",year,2023,NA
50,moying,1450,28.65373,95.004686,1,ob,month,2023,3
51,moying,1449,28.669671,95.002148,1,ob,month,2022,12
51,moying,1450,28.649004,94.994603,1,ob,NA,2023,2
51,moying,1508,28.607716,95.021163,1,"nb,ob",year,2022,3
51,moying,1508,28.607716,95.021163,1,"nb,ob",year,2023,3
52,moying,1449,28.67243,94.992306,1,"nb,ob",year,2023,3
52,moying,1451,28.629034,94.996824,1,nb,year,2023,1
52,moying,1452,28.596727,95.012368,1,"nb,ob",year,2022,8
53,moying,1450,28.639227,95.002682,1,nb,NA,2023,3
54,gossang,1452,28.59614,95.01548,1,"nb,ob",NA,2023,NA
54,gossang,1509,28.605942,95.029301,1,nb,NA,2023,3
54,gossang,1450,28.637007,94.992063,1,ds,NA,2020,3
54,gossang,1450,28.634802,94.995278,1,ds,NA,2020,3
54,gossang,1452,28.600101,95.016231,1,"nb,ob",NA,2022,9
55,gossang,1451,28.614428,95.008654,1,ob,NA,2023,2
56,gossang,1451,28.625648,95.001716,1,"nb,ob",week,2023,3
57,gossang,1509,28.594614,95.018766,1,ob,week,2023,NA
57,gossang,1451,28.614428,95.008654,1,"nb,ob",week,2023,1
58,gossang,1509,28.60641,95.020166,1,nb,NA,2023,3
58,gossang,1451,28.611123,95.002831,1,"nb,ob",year,2023,1;2
58,gossang,1451,28.624973,94.997406,1,"nb,ob",year,2022,12
58,gossang,1509,28.596991,95.017953,1,nb,year,2022,12
58,gossang,1451,28.631988,95.006882,1,fs,NA,2021,NA
59,gossang,1509,28.603266,95.026508,1,ob,NA,2020,NA
59,gossang,1451,28.614749,95.004919,1,ob,NA,2021,NA
59,gossang,1509,28.606882,95.02164,1,ob,year,2023,4
60,bogong,1914,28.428254,95.25052,1,nb,year,2021,5
61,lego,1855,28.47497,95.202664,1,nb,NA,2020,11
62,borang,1970,28.444484,95.262059,1,nb,NA,2021,NA
62,borang,1912,28.476954,95.232656,0,ds,NA,2018,NA
63,borang,1972,28.412906,95.270882,0,ob,year,2019,NA
63,borang,1972,28.412906,95.270882,0,ds,NA,2017,NA
64,borang,1857,28.438565,95.21781,1,nb,year,2022,5
64,borang,1913,28.449301,95.249983,1,ob,year,2021,NA
65,megu,1971,28.432046,95.27769,1,nb,year,2021,1
66,tayeng,1972,28.409621,95.276521,0,nb,year,2018,1;2
66,tayeng,1971,28.419227,95.274305,0,nb,NA,2018,1;2
67,boga,1857,28.438098,95.226425,1,ob,week,2020,NA
68,boga,1856,28.458784,95.228453,0,ds,NA,2018,NA
69,boga,1856,28.455679,95.220263,1,nb,month,2021,12
70,tayeng,1913,28.449695,95.229364,1,nb,year,2020,NA
71,tayeng,1857,28.430991,95.225213,1,nb,year,2021,10
72,bogong,1971,28.42607,95.285538,1,nb,year,2022,1
73,pertin,1915,28.412634,95.250225,1,nb,year,2021,11;12
73,pertin,1972,28.408815,95.273644,1,nb,year,2021,2
74,yirang,1856,28.466342,95.207035,1,nb,year,2021,NA
74,yirang,1913,28.449261,95.242051,1,ds,NA,2020,NA
74,yirang,1856,28.456142,95.227101,0,ds,NA,2017,NA
75,ratan,1971,28.429082,95.276493,1,nb,year,2021,9
75,ratan,1971,28.427504,95.277583,1,nb,NA,2021,NA
75,ratan,1970,28.441595,95.265744,0,ds,NA,2013,NA
76,ratan,2210,28.122179,95.401589,1,nb,year,2022,3
76,ratan,2210,28.130996,95.397877,1,nb,year,2021,3
77,ratan,1971,28.414229,95.264805,1,nb,year,2020,NA
77,ratan,1914,28.420138,95.242669,1,nb,year,2021,NA
78,borang,1857,28.440759,95.213124,1,nb,year,2022,1
78,borang,1913,28.45435,95.242593,0,ds,NA,2013,5
79,perme,1913,28.45328,95.246736,1,nb,year,2022,5
80,perme,1856,28.447787,95.228959,0,nb,NA,2019,NA
81,perme,1857,28.431248,95.212855,1,nb,NA,2021,1
81,perme,1913,28.446202,95.250562,0,ds,NA,2013,NA
82,perme,1971,28.432198,95.263625,1,nb,week,2021,2
83,perme,1913,28.448167,95.250399,1,"nb,ob",year,2021,1
83,perme,1970,28.441319,95.269947,1,nb,year,2022,5
84,ratan,1914,28.437069,95.244809,0,ds,NA,2013,1
84,ratan,1915,28.408304,95.253034,0,nb,NA,2019,NA
85,remging,1915,28.410769,95.25074,1,nb,year,2021,7
86,mariyang,1912,28.474311,95.230266,1,ob,NA,2020,3
87,mariyang,1912,28.486058,95.231321,1,ob,year,2022,NA
87,mariyang,1912,28.486058,95.231321,1,ob,year,2021,NA
88,mariyang,1856,28.464155,95.206448,1,nb,NA,2022,2
88,mariyang,1856,28.463431,95.206852,1,nb,NA,2022,2
88,mariyang,1971,28.423024,95.271749,1,ds,NA,2021,10;11
89,mariyang,1740,28.507136,95.158869,0,"nb,ob",year,2019,3
90,mariyang,1857,28.422394,95.219051,0,ds,year,2018,3
90,mariyang,1797,28.517444,95.170725,1,nb,year,2021,10
91,mariyang,1913,28.46791,95.2489,1,nb,year,2022,2
91,mariyang,1912,28.472939,95.242938,1,nb,year,2022,2
92,new millang,1740,28.50777,95.16677,0,nb,NA,2019,NA
93,new millang,1740,28.505701,95.154228,1,nb,year,2021,5
93,new millang,1740,28.51118,95.152778,1,ds,year,2021,5
94,mariyang,1912,28.471138,95.234946,0,ds,NA,2007,NA
94,mariyang,1912,28.482582,95.235267,0,ds,NA,2007,NA
95,mariyang,1740,28.510288,95.162976,1,nb,year,2022,4
95,mariyang,1740,28.508666,95.159023,1,nb,year,2022,4
96,mariyang,1972,28.411986,95.277815,1,nb,NA,2022,2
97,remgeng,2029,28.411866,95.298441,1,nb,year,2022,NA
97,remgeng,2028,28.422404,95.293096,1,nb,year,2021,NA
98,remgeng,1914,28.421883,95.252885,1,nb,year,2020,NA
99,karko,1567,28.575445,95.055069,1,"nb,ob",month,2023,2
99,karko,1509,28.583312,95.02738,1,"nb,ob",month,2022,NA
100,karko,1567,28.564188,95.071303,1,"nb,ob",NA,2023,2
100,karko,1568,28.531679,95.069096,1,"nb,ob",NA,2023,1
103,karko,1567,28.564683,95.071107,1,"nb,ob",year,2023,2
103,karko,1567,28.577034,95.060464,1,"nb,ob",month,2023,2
103,karko,1509,28.584586,95.046372,1,"nb,ob",year,2023,4
103,karko,1567,28.567201,95.050108,1,"nb,ob",year,2023,1
104,zido,1323,28.999413,94.948972,1,nb,NA,2023,11
104,zido,1266,28.994565,94.921689,1,"nb,ob",NA,2021,NA
104,zido,1266,28.988512,94.920337,1,"nb,ob",NA,2021,NA
104,zido,1267,28.981984,94.909438,0,ds,NA,2014,NA
105,zido,1266,28.991157,94.926616,1,nb,year,2022,11
106,zido,1266,28.999968,94.928094,1,nb,year,2022,11
107,zido,1265,29.020922,94.90713,1,ob,year,2022,NA
108,tuting,1267,28.975488,94.916199,1,nb,NA,2023,4
109,tuting,1267,28.974964,94.918608,1,"nb,ob",year,2022,NA
109,tuting,1267,28.980993,94.926507,1,"nb,ob",year,2022,NA
110,tuting,1267,28.975021,94.918287,1,"nb,ob",year,2023,4
110,tuting,1209,28.975021,94.918287,1,ds,year,2023,1
111,zido,1323,29.004886,94.957165,1,ds,NA,2022,12
112,zido,1266,28.990679,94.921137,1,"nb,ob",year,2023,3
112,zido,1266,29.004803,94.903937,1,ds,NA,2021,NA
112,zido,1265,29.026571,94.91244,1,nb,NA,2021,NA
112,zido,1266,29.012546,94.925677,1,nb,NA,2023,3
112,zido,1211,28.950537,94.885163,1,nb,NA,2022,NA
113,zido,1268,28.947941,94.910696,1,nb,year,2022,2
113,zido,1267,28.970337,94.923455,1,"nb,ob",year,2023,NA
113,zido,1267,28.970337,94.923455,1,"nb,ob",year,2023,NA
114,tuting,1153,28.98641,94.864254,1,nb,NA,2022,4
115,ngaming,1324,28.977544,94.951372,1,nb,month,2023,4
116,ngaming,1325,28.958317,94.940098,0,"nb,ob",month,2018,NA
117,ngaming,1324,28.968547,94.935176,1,nb,NA,2023,4
118,ngaming,1267,28.969074,94.923197,1,nb,year,2023,NA
118,ngaming,1324,28.974523,94.933455,1,nb,year,2023,4
118,ngaming,1267,28.969675,94.930172,1,"nb,ob",year,2023,NA
119,ngaming,1324,28.969952,94.937291,1,nb,NA,2023,4
119,ngaming,1324,28.971562,94.950215,1,nb,year,2023,4
121,ngaming,1267,28.969127,94.926439,1,"nb,ob",year,2023,NA
121,ngaming,1267,28.969127,94.926439,1,"nb,ob",year,2022,NA
122,ngaming,1324,28.971558,94.936078,1,"nb,ob",year,2023,4
122,ngaming,1324,28.965128,94.958663,1,nb,NA,2023,4
122,ngaming,1324,28.969309,94.949833,1,nb,NA,2022,NA
123,kuging,1439,28.959527,94.993966,1,nb,year,2023,NA
123,kuging,1439,28.958966,94.999504,1,nb,year,2023,NA
124,kuging,1439,28.955147,95.003601,1,nb,NA,2022,4;5
125,kuging,1382,28.941851,94.988162,1,"nb,ob",year,2022,9
126,kuging,1382,28.944842,94.975475,1,"nb,ob",year,2022,9
126,kuging,1438,28.961153,94.995061,1,nb,NA,2022,2
126,kuging,1496,28.955232,95.035723,1,nb,NA,2022,2
126,kuging,1496,28.952851,95.029138,1,nb,NA,2022,2
127,kuging,1382,28.947595,94.988104,1,nb,year,2022,NA
127,kuging,1438,28.960036,95.01226,1,"nb,ob",year,2022,NA
127,kuging,1438,28.966201,94.99669,1,"nb,ob",NA,2022,NA
127,kuging,1382,28.948165,94.98737,1,ds,NA,2021,NA
128,kuging,1438,28.962793,94.995354,0,ob,month,2014,NA
128,kuging,1439,28.958044,95.00969,0,ob,month,2014,NA
129,tuting,1267,28.976509,94.915367,1,"nb,ob",NA,2023,NA
129,tuting,1267,28.974795,94.918076,1,nb,NA,2023,NA
130,anging,1098,28.931501,94.828086,1,fs,year,2023,2
130,anging,1155,28.930128,94.850731,1,"nb,ob",year,2023,NA
131,anging,1267,28.982838,94.920325,1,"nb,ob",year,2022,12
132,anging,1211,28.960907,94.885862,1,nb,NA,2022,NA
138,kapu,1207,29.052681,94.902414,0,ds,NA,2013,NA
138,kapu,1264,29.052695,94.9045,0,ob,NA,2015,NA
152,tuting,1264,29.05435,94.905158,1,ds,NA,2022,NA
166,zido,1267,28.968431,94.929431,1,"nb,ob",NA,2023,4
164,nyotkong,1497,28.915865,95.024176,1,ds,NA,2021,NA
166,zido,1211,28.958941,94.881015,1,nb,year,2023,4
166,zido,1267,28.982967,94.920527,1,"nb,ob",year,2023,NA
167,zido,1210,28.965885,94.901014,1,"nb,ob",year,2023,3
167,zido,1210,28.974065,94.895789,1,ds,NA,2022,2
167,zido,1267,28.96653,94.906949,1,"nb,ob",year,2023,NA
167,zido,1266,29.001748,94.915565,0,ds,NA,2018,NA
167,zido,1267,28.977007,94.917981,0,ds,NA,2013,NA
169,nigging,1154,28.949686,94.843749,1,"nb,ob",year,2022,NA
169,nigging,1154,28.949686,94.843749,1,"nb,ob",year,2021,NA
170,nigging,1154,28.958648,94.854405,1,nb,NA,2023,5
170,nigging,1154,28.959554,94.853504,0,ds,NA,2018,NA
173,nigging,1097,28.961338,94.832047,1,ds,NA,2022,NA
177,pango,985,28.896772,94.751992,0,"nb,ob",year,2018,NA
179,nigging,929,28.871802,94.741306,1,nb,NA,2023,4
180,singing,1043,28.880729,94.781496,0,ob,NA,2018,NA
180,singing,1042,28.901976,94.797494,0,ob,NA,2018,NA
180,singing,1042,28.89413,94.781494,0,ob,NA,2018,NA
180,singing,1041,28.911062,94.790836,0,ob,NA,2018,NA
181,singing,1042,28.898422,94.782519,0,ob,NA,2013,NA
181,singing,985,28.895944,94.776128,0,ds,NA,2013,NA
183,singing,1267,28.973496,94.918967,1,nb,NA,2021,NA
184,migging,988,28.818685,94.747937,1,nb,year,2023,4
184,migging,987,28.838645,94.761636,1,nb,year,2023,5
185,migging,1044,28.850667,94.777353,1,nb,NA,2020,NA
186,migging,986,28.854646,94.775121,1,nb,NA,2022,NA
186,migging,988,28.820612,94.756819,1,nb,NA,2020,NA
187,migging,1042,28.897577,94.783753,1,ds,NA,2022,NA
188,palling,1100,28.858955,94.823347,0,ds,NA,2003,NA
189,palling,1101,28.852056,94.822793,0,nb,NA,2013,NA
189,palling,1215,28.833801,94.894709,1,fs,year,2023,5
189,palling,1158,28.828383,94.863965,1,nb,year,2023,4
194,likor,1215,28.838023,94.897588,0,nb,NA,2017,NA
197,likor,1158,28.8387059,94.863489,0,nb,NA,2017,NA
197,likor,1158,28.829113,94.840604,0,nb,NA,2017,NA
197,likor,1215,28.83799,94.897671,0,"nb,ob",NA,2017,NA
198,likor,1158,28.827215,94.864159,0,ds,NA,2014,NA
198,likor,1272,28.846704,94.913764,0,"nb,ob",NA,2003,NA
199,likor,1214,28.858108,94.884148,1,"nb,ob",NA,2022,1
199,likor,1215,28.83087,94.890584,1,fs,NA,2020,NA
199,likor,1215,28.84811,94.873183,0,"nb,ob",NA,2013,NA
202,likor,1158,28.839332,94.856545,1,nb,NA,2022,10
203,puging,1217,28.772342,94.869037,0,nb,NA,2016,NA
205,puging,1218,28.759085,94.867787,1,ds,NA,2020,NA
210,mosing,988,28.821284,94.765231,1,"nb,ob",NA,2023,5
211,pango,929,28.865369,94.744018,0,nb,NA,2019,NA
213,janbo,1160,28.798268,94.853398,1,ob,NA,2023,5
215,mosing,988,28.822647,94.756372,0,nb,NA,2018,NA
216,mosing,988,28.822677,94.764112,1,nb,year,2022,12
217,mosing,987,28.832202,94.765688,1,"nb,ob",year,2022,4
218,janbo,1162,28.744249,94.85128,0,ob,NA,2008,NA
218,janbo,1160,28.79785,94.843659,0,ob,NA,2008,NA
219,janbo,1273,28.806399,94.900154,1,"nb,ob",month,2022,10;11;12
220,bomdo,1276,28.726935,94.905216,1,"nb,ob",year,2023,1
222,ramsing,1392,28.667262,94.964963,1,"nb,ob",year,2022,9;10
222,ramsing,1393,28.652331,94.98322,1,"nb,ob",year,2023,1
222,ramsing,1393,28.641539,94.985873,1,"nb,ob",year,2023,NA
222,ramsing,1393,28.661381,94.969536,1,"nb,ob",year,2022,NA
222,ramsing,1393,28.646594,94.966992,1,"nb,ob",year,2022,NA
224,bomdo,1276,28.71764,94.921892,1,"nb,ob",year,2022,12
225,bomdo,1276,28.73026,94.911948,1,"nb,ob",NA,2021,NA
225,bomdo,1276,28.722371,94.900943,1,"nb,ob",NA,2021,NA
225,bomdo,1276,28.739747,94.905937,1,"nb,ob",NA,2021,NA
226,bomdo,1218,28.744843,94.875191,1,"nb,ob",year,2023,3
226,bomdo,1219,28.738026,94.875191,1,"nb,ob",year,2023,7;8
227,bomdo,1276,28.723696,94.924979,1,"nb,ob",year,2022,2;12
227,bomdo,1334,28.709169,94.94231,1,"nb,ob",year,2022,NA
227,bomdo,1334,28.706162,94.937673,1,"nb,ob",year,2022,NA
228,jengging,1567,28.559699,95.071158,1,ds,NA,2022,2
228,jengging,1567,28.561673,95.073357,1,"nb,ob",year,2022,2
228,jengging,1567,28.557157,95.076131,1,"nb,ob",year,2022,6;7
228,jengging,1568,28.54531,95.074666,1,ds,year,2021,1
231,jengging,1509,28.592444,95.031996,1,ds,year,2021,NA
233,jengging,1568,28.550868,95.052832,1,"nb,ob",year,2023,2
233,jengging,1568,28.551509,95.07073,1,"nb,ob",year,2023,2
233,jengging,1568,28.544696,95.054713,1,"nb,ob",year,2023,2;3
233,jengging,1568,28.549281,95.056753,1,"nb,ob",year,2023,5
233,jengging,1567,28.56222,95.067893,1,ds,NA,2021,NA
233,jengging,1568,28.549446,95.048084,1,"nb,ob",year,2022,12
233,jengging,1568,28.543126,95.056708,1,ob,year,2022,NA
234,jengging,1567,28.568975,95.064721,1,"nb,ob",year,2020,NA
234,jengging,1567,28.573852,95.061706,1,nb,year,2022,9
234,jengging,1567,28.567981,95.060251,1,ds,NA,2022,11
236,pango,985,28.908088,94.771824,1,ds,NA,2023,5
237,millang,1797,28.515753,95.193771,0,ob,NA,2009,NA
237,millang,1853,28.528959,95.21032,1,"nb,ds",NA,2021,NA
237,millang,1853,28.530177,95.213276,1,ob,NA,2021,NA
237,millang,1912,28.485538,95.237499,0,ds,NA,2009,NA
237,millang,1797,28.510124,95.185627,0,ds,NA,2008,NA
238,millang,1853,28.530866,95.213057,0,ds,NA,2016,2
238,millang,1853,28.533208,95.211208,0,ds,NA,2016,NA
239,millang,1853,28.534702,95.218971,1,ob,year,2022,NA
240,millang,1797,28.519092,95.196602,1,nb,year,2021,9
240,millang,1854,28.517479,95.204977,0,ds,NA,2012,NA
241,millang,1854,28.514463,95.204568,1,ob,year,2021,11;12
241,millang,1853,28.531647,95.207124,1,ob,year,2022,NA
242,millang,1798,28.481887,95.189545,1,fs,NA,2021,2
243,millang,1797,28.523252,95.195709,1,nb,NA,2022,9
243,millang,1854,28.507714,95.201754,0,ds,NA,2016,12
243,millang,1740,28.519759,95.158043,0,ds,NA,2016,NA
243,millang,1853,28.539316,95.200347,1,ob,year,2021,NA
244,mopom,1972,28.398635,95.267994,1,nb,month,2021,12
244,mopom,1974,28.358941,95.285826,1,nb,year,2020,NA
245,mopom,1916,28.386729,95.245084,1,nb,year,2020,1
245,mopom,1972,28.38765,95.280481,1,nb,year,2021,NA
246,mopom,1972,28.387659,95.280481,1,ds,NA,2022,1
247,mopom,1915,28.387642,95.249284,1,ob,month,2022,12
247,mopom,1916,28.37757,95.2550669,0,ds,NA,2015,NA
247,mopom,1916,28.37757,95.2550669,0,ds,NA,2016,NA
247,mopom,1915,28.388365,95.24893,0,ds,NA,2017,NA
247,mopom,1916,28.381092,95.252616,1,ds,year,2021,NA
248,mopom,1915,28.390757,95.250515,0,ds,NA,2018,NA
248,mopom,1973,28.381777,95.27544,1,ds,NA,2021,NA
251,mopom,1916,28.373045,95.25459,1,nb,year,2022,12
252,sibuk,1915,28.404793,95.228285,1,nb,NA,2022,11
252,sibuk,1973,28.36357,95.271844,1,nb,NA,2022,5
253,siko,1972,28.3967,95.271315,0,ds,NA,1994,NA
254,siko,2029,28.389848,95.290483,1,ds,year,2021,12
254,siko,1972,28.386574,95.283998,1,nb,month,2021,12
255,siko,1972,28.399853,95.268315,1,ds,week,2021,12
256,siko,1972,28.390788,95.274084,1,nb,month,2021,12
256,siko,1972,28.388556,95.272469,0,ds,NA,2013,NA
257,bine,1973,28.381388,95.264755,1,"nb,ob",week,2022,6
257,bine,1916,28.381757,95.243904,1,ds,NA,2020,NA
258,bine,1972,28.401086,95.266353,1,nb,year,2022,12
259,bine,1973,28.378912,95.26477,1,ob,week,2021,NA
259,bine,1971,28.417976,95.273625,1,"nb,ob",year,2022,NA
260,bine,1972,28.402636,95.265064,1,nb,year,2021,11
260,bine,1972,28.404434,95.267907,1,nb,year,2022,6
261,sibuk,1974,28.34865,95.269119,1,nb,year,2022,11;12
261,sibuk,1974,28.345226,95.269095,1,nb,year,2021,12
262,sibuk,1974,28.344123,95.270392,1,nb,NA,2022,8
262,sibuk,1920,28.257687,95.238137,1,nb,year,2021,11;12
263,sibuk,1974,28.341522,95.271517,1,"nb,ds",NA,2022,12
263,sibuk,1916,28.373779,95.25484,0,"nb,ob",NA,2019,NA
264,padu,1804,28.31041,95.194837,1,"nb,ob",week,2022,12
264,padu,1862,28.299617,95.196808,1,"nb,ob",week,2022,12
264,padu,1805,28.302185,95.192211,1,"nb,ob",week,2022,12
265,padu,1863,28.274441,95.224564,1,nb,year,2021,NA
265,padu,1862,28.286455,95.204916,1,"nb,ob",year,2021,NA
265,padu,1862,28.285599,95.195648,1,"nb,ob",year,2021,NA
266,padu,1863,28.275337,95.19947,1,nb,NA,2020,NA
266,padu,1862,28.288609,95.20447,1,ob,year,2021,12
266,padu,1862,28.288609,95.20447,0,ob,year,2019,NA
267,padu,1862,28.282326,95.203843,1,nb,month,2022,NA
267,padu,1805,28.301347,95.190525,1,nb,month,2020,NA
267,padu,1805,28.301347,95.190525,1,ob,month,2021,NA
267,padu,1805,28.301347,95.190525,1,ob,month,2022,NA
268,padu,1861,28.310125,95.202539,1,nb,week,2022,9
269,padu,1805,28.290397,95.192455,1,"ob,ds",NA,2022,NA
270,padu,1861,28.310224,95.202244,1,nb,NA,2021,NA
270,padu,1862,28.283787,95.214446,1,nb,year,2022,12
271,padu,1862,28.284663,95.213791,1,nb,year,2022,12
272,padu,1861,28.308074,95.202039,1,nb,NA,2020,NA
273,padu,1862,28.287646,95.218958,0,ob,NA,2019,NA
273,padu,1920,28.272086,95.235394,1,nb,NA,2021,NA
273,padu,1804,28.309049,95.193332,0,ds,NA,2018,NA
274,padu,1861,28.31538,95.198054,0,ds,NA,2019,NA
274,padu,1861,28.323753,95.199527,0,ds,NA,2018,NA
275,padu,1861,28.314666,95.203795,1,"nb,ob",year,2021,1;2
276,sille,1921,28.24396,95.227322,1,nb,NA,2020,2;3
276,sille,1923,28.195637,95.227559,0,ds,NA,2013,NA
277,sille,1922,28.212256,95.239258,1,nb,NA,2020,NA
278,jeying,1864,28.250477,95.219627,1,ds,week,2020,12
278,jeying,1922,28.213608,95.237929,1,"nb,ob",year,2021,NA
278,jeying,1922,28.213608,95.237929,1,"nb,ob",year,2022,NA
279,sille,1864,28.24895,95.221661,1,ds,NA,2020,12
280,jeying,1864,28.251561,95.219464,1,nb,year,2022,12
280,jeying,1864,28.250842,95.219037,1,ob,year,2020,12
280,jeying,1921,28.239017,95.235805,1,ob,NA,2022,9
281,jeying,1979,28.220404,95.264804,1,"nb,ds",month,2021,2
282,dalbing,1796,28.545981,95.184349,0,"nb,ob",NA,2008,NA
283,dalbing,1796,28.532004,95.17003,0,ob,NA,2008,NA
283,dalbing,1852,28.559496,95.219062,0,ob,NA,1986,NA
283,dalbing,1852,28.559496,95.219062,0,ob,NA,2008,NA
284,dalbing,1796,28.543026,95.188112,0,ds,NA,2000,NA
285,dalbing,1852,28.574779,95.206586,1,ds,year,2020,8
285,dalbing,1739,28.532317,95.166997,1,ob,year,2022,6
285,dalbing,1795,28.553331,95.180042,1,ob,year,2022,NA
285,dalbing,1795,28.553331,95.180042,1,ob,year,2023,NA
285,dalbing,1796,28.542778,95.185833,0,ds,NA,2019,NA
286,dalbing,1795,28.568694,95.185839,0,ob,year,2000,NA
286,dalbing,1795,28.568694,95.185839,0,ob,year,2001,NA
286,dalbing,1853,28.539511,95.201039,0,ob,year,2000,NA
287,kolung,1682,28.545234,95.121495,1,ob,NA,2022,1;2
287,kolung,1739,28.537529,95.167507,0,ob,NA,2013,NA
288,kolung,1740,28.51429,95.16156,1,nb,NA,2023,1
288,kolung,1739,28.540656,95.157413,0,"nb,ob",NA,2018,NA
289,kolung,1739,28.549857,95.15488,1,nb,year,2022,2
290,gobuk,1738,28.577614,95.15183,1,fs,week,2022,NA
290,gobuk,1681,28.575822,95.118228,0,nb,NA,2017,NA
291,gobuk,1623,28.593053,95.0962262,1,nb,week,2023,2
291,gobuk,1740,28.509843,95.165207,0,ds,NA,2018,NA
292,gobuk,1738,28.558332,95.144102,1,nb,year,2023,2
293,gobuk,1680,28.591688,95.125287,1,nb,NA,2023,1
294,gobuk,1738,28.5756609,95.140038,1,nb,year,2023,1
295,gobuk,1680,28.593821,95.125306,1,"nb,fs",year,2021,NA
296,gobuk,1680,28.582996,95.134996,1,nb,year,2020,NA
296,gobuk,1738,28.554722,95.141047,1,"nb,fs",year,2020,NA
297,gobuk,1737,28.580596,95.145841,1,"ob,fs",NA,2023,2
297,gobuk,1852,28.56799,95.212832,1,"nb,fs",NA,2023,1
297,gobuk,1680,28.598409,95.118528,1,"nb,fs",year,2023,1
297,gobuk,1680,28.595531,95.125303,1,ob,year,2023,NA
298,gobuk,1740,28.520556,95.15917,0,nb,year,2017,NA
298,gobuk,1740,28.520556,95.15917,0,nb,year,2018,NA
299,simong,1564,28.64423,95.059299,1,ds,NA,2022,6
300,simong,1622,28.611776,95.080675,1,nb,month,2023,2
301,simong,1565,28.619602,95.074673,1,"ob,fs",month,2023,2
301,simong,1565,28.626311,95.056859,1,"nb,fs",month,2023,2
302,simong,1625,28.548191,95.101597,1,nb,month,2023,2
302,simong,1623,28.586485,95.087886,1,nb,week,2023,2
302,simong,1622,28.615457,95.084634,1,nb,week,2023,2
302,simong,1565,28.609897,95.069845,1,nb,NA,2023,2
303,simong,1623,28.583097,95.091191,1,nb,NA,2022,10
303,simong,1624,28.566917,95.09052,1,ds,NA,2023,2
303,simong,1623,28.60316,95.100503,1,nb,month,2021,NA
303,simong,1623,28.586253,95.081887,1,ob,NA,2023,NA
303,simong,1623,28.581976,95.091983,1,fs,month,2023,NA
303,simong,1623,28.581976,95.091983,0,ds,NA,2015,NA
304,komkar,1626,28.507935,95.08775,1,"ob,fs",NA,2020,NA
304,komkar,1626,28.523761,95.100716,1,"ob,fs",NA,2020,NA
304,komkar,1682,28.525857,95.112354,1,"ob,fs",NA,2020,NA
305,komkar,1684,28.483709,95.137584,1,nb,NA,2022,3
305,komkar,1682,28.536522,95.118038,1,nb,NA,2023,2
305,komkar,1682,28.53103,95.108628,0,ob,NA,2013,NA
306,komkar,1625,28.528908,95.099292,1,nb,year,2023,2
306,komkar,1625,28.530946,95.105531,1,ob,year,2022,1
307,komkar,1683,28.51241,95.128597,1,ob,year,2021,NA
308,komkar,1626,28.521922,95.098597,1,"nb,fs",year,2021,12
309,komkar,1626,28.507922,95.085817,1,nb,year,2022,2
309,komkar,1626,28.507922,95.085817,1,nb,year,2023,2
309,komkar,1626,28.505371,95.090031,1,"nb,ob",year,2022,NA
310,peram,1687,28.409249,95.110956,1,ob,year,2022,NA
311,peram,1687,28.409249,95.110956,1,ob,year,2023,NA
313,peram,1630,28.414333,95.077495,1,"nb,ds",NA,2020,NA
313,peram,1686,28.42256,95.113027,1,"nb,ds",NA,2021,NA
313,peram,1630,28.411118,95.095564,1,"nb,ds",NA,2020,NA
314,peram,1687,28.406345,95.108943,0,"nb,ds",NA,2018,NA
316,peram,1630,28.398771,95.091399,1,nb,NA,2021,NA
317,ramku,1630,28.401548,95.085349,1,"ob,ds",NA,2020,NA
317,ramku,1630,28.393728,95.087598,0,ob,NA,2013,NA
317,ramku,1686,28.43941,95.11227,0,ob,NA,2013,NA
318,kumku,1686,28.435995,95.118318,0,"ob,ds",NA,2018,NA
318,kumku,1686,28.43898,95.114832,0,"ob,ds",NA,2018,NA
318,kumku,1630,28.394372,95.085125,0,"ob,ds",NA,2018,NA
318,kumku,1685,28.449848,95.118208,0,"ob,ds",NA,2019,NA
319,kumku,1687,28.407552,95.113176,0,"nb,ds",NA,2017,NA
319,kumku,1685,28.458832,95.127464,0,ob,NA,2018,NA
319,kumku,1685,28.458832,95.127464,1,ob,year,2023,NA
319,kumku,1685,28.458832,95.127464,1,ob,year,2022,NA
320,kumku,1686,28.439045,95.125458,0,ds,NA,2013,NA
320,kumku,1688,28.384724,95.118997,1,ob,year,2022,NA
321,kumku,1687,28.390334,95.128601,1,ob,year,2023,NA
324,bhoom,1742,28.460587,95.145177,0,ob,NA,2015,NA
325,bhoom,1687,28.406717,95.113701,0,"nb,ob",NA,2014,NA
325,bhoom,1686,28.426004,95.122614,0,"nb,ob",NA,2013,NA
325,bhoom,1685,28.444168,95.121767,0,"nb,ob",NA,2014,NA
326,bhoom,1686,28.442975,95.126744,0,"nb,ob",NA,2018,NA
326,bhoom,1686,28.422143,95.12501,0,"nb,ob",NA,2018,NA
327,bhoom,1630,28.408516,95.092226,0,"nb,ob",NA,2018,NA
327,bhoom,1686,28.443087,95.117124,1,nb,NA,2023,2
328,ramku,1685,28.448281,95.108743,0,ds,NA,2000,NA
328,ramku,1686,28.44128,95.111141,0,ds,NA,2000,NA
328,ramku,1686,28.423136,95.121095,0,"nb,ds",NA,2017,NA
329,ramku,1686,28.42428,95.114314,1,nb,NA,2021,NA
330,aohali,2492,28.20666667,95.54638889,0,ds,NA,2006,NA
330,aohali,2492,28.199701,95.547103,0,fs,week,2018,NA
332,siluk,2266,28.151639,95.420898,0,ds,NA,2005,NA
332,siluk,2267,28.12527778,95.41583333,0,ds,year,2016,NA
333,bogong,2266,28.165,95.40972222,0,ds,year,2014,NA
333,bogong,2436,28.1725,95.52416667,0,ds,year,2019,NA
334,bogong,2325,28.09611111,95.45277778,0,ds,year,2018,NA
334,bogong,2325,28.09944444,95.44666667,0,ds,month,2016,NA
335,bogong,2266,28.164719,95.417675,1,ob,month,2020,NA
335,bogong,2268,28.100592,95.416414,1,ob,month,2020,NA
336,serum,2385,28.024059,95.475451,1,ob,month,2020,NA
337,siluk,2379,28.172172,95.485637,0,nb,year,2016,NA
337,siluk,2380,28.152104,95.471769,0,ds,NA,2019,NA
337,siluk,1928,28.040782,95.221176,0,nb,NA,2016,NA
338,siluk,2495,28.126269,95.541005,1,ds,NA,2021,8
339,siluk,2323,28.155287,95.449141,0,nb,month,2019,NA
339,siluk,2436,28.17157,95.509536,0,ds,NA,2011,NA
340,siluk,2493,28.180131,95.54883,1,ds,year,2021,12
340,siluk,2494,28.157197,95.535685,1,"nb,ob",NA,2021,NA
340,siluk,2495,28.119792,95.541101,1,"nb,ob",NA,2021,NA
340,siluk,2496,28.100816,95.53572,1,"nb,ob",NA,2021,NA
341,longka,2208,28.169953,95.315074,0,ds,month,2017,NA
341,longka,2209,28.153684,95.354021,0,ds,year,2018,NA
342,longka,2209,28.15097,95.402637,0,ds,year,2018,NA
342,longka,2267,28.12527778,95.41583333,1,ob,year,2020,NA
342,longka,2323,28.150709,95.452169,0,ob,year,2019,NA
343,longka,2265,28.172152,95.423284,1,ds,year,2021,6
344,longka,2383,28.065967,95.489465,0,ds,NA,2017,NA
346,darne,2210,28.122179,95.401589,0,ds,month,2018,NA
346,darne,2266,28.146922,95.425816,0,ds,NA,2016,NA
346,darne,2323,28.146514,95.444631,0,ds,month,2016,NA
346,darne,2324,28.127154,95.45155,1,"nb,ob",month,2020,NA
347,torang,2210,28.122179,95.401589,0,ds,NA,2015,NA
347,torang,2267,28.121157,95.418158,0,ds,year,2016,NA
347,torang,2268,28.094885,95.421176,1,nb,month,2020,NA
347,torang,2325,28.09611111,95.45277778,1,"nb,ob",month,2020,NA
347,torang,2267,28.125494,95.419087,1,"nb,ob",month,2020,NA
348,torang,2210,28.122179,95.401589,1,nb,year,2021,3
348,torang,2267,28.124753,95.417059,1,nb,year,2021,NA
349,torang,2266,28.151639,95.420898,0,ds,year,2008,NA
349,torang,2209,28.146158,95.399478,0,ds,year,2017,NA
349,torang,2267,28.131085,95.416663,1,nb,month,2021,NA
349,torang,2498,28.041093,95.534705,1,ob,month,2021,10
350,torang,2388,27.9417,95.4867,0,nb,month,2019,NA
350,torang,2388,27.9337,95.4815,1,ds,NA,2020,NA
351,Ayeng,2152,28.145637,95.363107,0,ds,NA,2019,NA
352,Ayeng,2153,28.135417,95.363135,1,"nb,ds",year,2021,NA
353,Darne,2211,28.1056,95.38209,0,ds,NA,1993,NA
354,bogong,2267,28.119644,95.431341,1,nb,year,2020,NA
356,bogong,2210,28.130996,95.397877,1,"nb,ob",year,2020,NA
357,bogong,2270,28.052888,95.420891,0,ds,NA,2019,NA
358,bogong,2266,28.149875,95.423488,1,ds,NA,2020,11
358,bogong,2323,28.156293,95.453565,0,ds,year,2017,NA
358,bogong,2210,28.122179,95.401589,0,ds,year,2018,NA
358,bogong,2210,28.132759,95.397042,1,ds,year,2021,3
359,sigar,2210,28.126971,95.394785,1,ds,month,2020,11
360,sigar,2212,28.079422,95.386506,1,"nb,ob",year,2020,NA
360,sigar,2210,28.117617,95.385403,0,ds,NA,2015,NA
361,motum,2326,28.078188,95.541167,1,ds,NA,2020,12
362,motum,2326,28.069196,95.439829,1,"nb,ob",week,2020,NA
362,motum,2325,28.102533,95.459017,0,ds,year,2016,NA
363,motum,2326,28.075575,95.44968,0,ds,week,2018,NA
364,motum,2326,28.073026,95.448488,0,ds,week,2017,NA
365,motum,2381,28.125514,95.479698,1,ds,week,2021,10
366,motum,2325,28.095398,95.443584,0,ds,year,2017,NA
366,motum,2268,28.097612,95.416768,1,ds,month,2020,NA
367,motum,2325,28.107294,95.442985,1,nb,month,2021,10
368,ralling,2269,28.080248,95.416697,1,ds,NA,2021,6
369,ralling,2269,28.07889,95.426568,1,nb,week,2021,10
370,ralling,2269,28.080055,95.411067,0,ds,year,2019,1
371,ralling,2212,28.079674,95.387079,1,ob,month,2020,NA
371,ralling,2268,28.09174,95.414912,1,ob,month,2020,NA
372,ralling,2268,28.094381,95.429949,1,ds,week,2021,10
372,ralling,2211,28.108798,95.380161,0,ds,NA,2015,NA
373,motum,2326,28.073556,95.457664,1,ds,NA,2020,12
374,motum,2326,28.077593,95.459506,1,"nb,ob",week,2020,NA
374,motum,2325,28.086002,95.459806,0,ds,NA,2013,NA
375,motum,2325,28.102997,95.465168,0,ds,week,2018,NA
375,motum,2326,28.07525,95.449639,0,ds,year,2017,NA
376,motum,2326,28.020384,95.476763,0,ds,week,2017,NA
377,motum,2381,28.125832,95.477519,1,ds,year,2021,10
378,motum,2268,28.09914,95.419795,1,ds,NA,2020,NA
379,motum,2325,28.100899,95.460197,0,ds,NA,2013,NA
379,motum,2326,28.08025,95.451158,0,ds,NA,2011,NA
379,motum,2269,28.077404,95.427332,0,ds,year,2019,NA
380,motum,2325,28.097372,95.448369,1,nb,week,2021,10
381,motum,2325,28.10818,95.460964,1,nb,week,2021,11
382,motum,2326,28.069868,95.439996,1,"nb,ob",week,2020,NA
382,motum,2382,28.101432,95.482295,1,"nb,ob",week,2020,NA
382,motum,2268,28.094501,95.415198,1,"nb,ob",week,2020,NA
383,motum,2325,28.093742,95.454561,1,ds,year,2020,3
384,serum,2385,28.024059,95.475451,0,ds,NA,2011,NA
385,serum,2385,28.006736,95.482741,0,"nb,ob",year,2017,NA
386,serum,2386,27.9962,95.4918,0,ds,year,2018,NA
387,serum,2443,27.9807,95.5182,0,ds,year,2019,NA
387,serum,2386,27.9962,95.4914,0,"nb,ob",month,2018,NA
388,serum,2443,27.9937,95.5187,1,nb,week,2020,NA
389,kongkul,2443,27.9937,95.5187,0,ds,year,2016,NA
390,kongkul,2388,27.9266,95.4836,1,nb,week,2020,NA
390,kongkul,2387,27.972389,95.486735,0,nb,NA,2017,NA
391,kongkul,2443,27.9807,95.5182,0,ds,NA,2016,NA
391,kongkul,2384,28.052336,95.473125,1,ds,year,2020,11
392,kongkul,2443,27.9937,95.5187,1,ds,week,2020,NA
392,kongkul,2444,27.967815,95.508851,0,"nb,ob",NA,2018,NA
394,namsing,2443,27.9871,95.5122,1,ds,NA,2021,2
395,namsing,2388,27.9266,95.4836,1,ds,year,2021,10
396,namsing,2446,27.91047,95.500132,1,ds,year,2020,NA
396,namsing,2446,27.909217,95.512247,0,ds,year,2019,NA
397,namsing,2498,28.041093,95.534705,0,ds,year,2016,NA
397,namsing,2445,27.93306,95.508454,0,ds,year,2019,NA
397,namsing,2388,27.9451,95.4869,0,ds,NA,2019,NA
398,namsing,2388,27.926,95.4846,0,ds,NA,2017,NA
398,namsing,2388,27.9417,95.4867,1,ds,NA,2020,NA
399,ayeng,2096,28.1373,95.343,0,ds,month,2015,NA
400,ayeng,2153,28.1364,95.3633,0,ds,month,2019,NA
400,ayeng,2153,28.120219,95.349339,0,ds,month,2018,NA
401,mirem,1818,27.9495,95.1704,0,ds,NA,2014,NA
402,mirem,1816,27.99702,95.173153,1,ds,month,2021,NA
402,mirem,1874,27.958646,95.202727,1,"nb,ob",week,2020,NA
403,mirem,1874,27.967917,95.203818,1,ds,year,2020,10
403,mirem,1875,27.937133,95.205736,0,ds,NA,2017,12
404,mirem,1874,27.955834,95.214873,0,ds,month,2011,NA
404,mirem,1818,27.946471,95.166019,1,ob,year,2021,NA
405,miglung,1930,27.99492,95.24028,1,nb,week,2021,11
405,miglung,1988,27.979192,95.262256,1,nb,week,2021,9
405,miglung,1931,27.97441,95.22457,1,ds,NA,2020,NA
406,miglung,1930,27.99492,95.24028,1,ds,NA,2020,NA
406,miglung,1991,27.89711,95.26608,1,nb,week,2021,NA
406,miglung,1933,27.91616,95.22683,0,ds,NA,2006,NA
407,remi,1933,27.91139,95.23755,0,ob,month,2016,NA
407,remi,1875,27.93019,95.20463,1,"nb,ob",year,2021,NA
408,ledum,1703,27.96778,95.12374,0,ds,NA,2003,NA
409,ledum,1704,27.93828,95.1145,0,ds,NA,2019,NA
410,ledum,1703,27.96778,95.12374,0,ds,NA,2019,NA
410,ledum,1876,27.915546,95.201137,1,ds,NA,2020,12
411,ledum,1703,27.96778,95.12374,0,ds,NA,2009,NA
411,ledum,1875,27.93166,95.19803,1,nb,year,2020,3
412,ledum,1933,27.91249,95.22316,0,ds,NA,2007,NA
412,ledum,1934,27.89132,95.23801,0,ds,NA,2011,NA
412,ledum,1933,27.91671,95.22893,1,"nb,ob",month,2020,NA
412,ledum,1876,27.924084,95.212229,1,"nb,ob",month,2020,NA
413,bilat,1934,27.896628,95.243654,1,nb,NA,2021,7
413,bilat,1817,27.965242,95.172184,0,ds,year,2014,NA
414,bilat,1875,27.94585,95.21255,1,ob,NA,2021,11
414,bilat,1819,27.921064,95.177113,0,ds,NA,2011,NA
415,bilat,1875,27.94047,95.19482,0,ds,NA,2011,NA
415,bilat,1818,27.9495,95.1704,0,ds,year,2018,NA
416,bilat,1818,27.9495,95.1704,0,ob,month,2019,NA
416,bilat,1817,27.963306,95.178603,1,"nb,ob",month,2021,11
417,bilat,1874,27.96439,95.191042,1,ds,NA,2020,NA
417,bilat,1818,27.93711,95.17062,0,ds,NA,1993,NA
418,bilat,1818,27.9495,95.1704,1,ob,year,2021,7
419,bilat,1818,27.9495,95.1704,0,ds,,2019,NA
419,bilat,1875,27.95409,95.194925,1,ds,year,2020,NA
420,tekang,1877,27.8798,95.2098,1,ds,year,2021,11
420,tekang,1877,27.8754,95.2158,0,nb,NA,2019,NA
420,tekang,1877,27.8775,95.2077,1,ds,year,2020,11
420,tekang,1932,27.942556,95.234149,0,ds,year,2018,NA
420,tekang,1932,27.933687,95.225988,0,ds,year,2019,NA
421,tekang,1928,28.041317,95.224099,0,ds,NA,2012,NA
422,tekang,1872,28.021375,95.213495,1,"nb,ob",week,2021,NA
423,yagrung,1935,27.871,95.2413,0,ds,NA,2017,NA
423,yagrung,1934,27.8884,95.2432,1,ob,week,2021,NA
423,yagrung,1935,27.8666,95.2385,0,ds,month,2004,NA
424,sibut,1986,28.011077,95.272262,1,nb,week,2020,NA
424,sibut,1988,27.979127,95.257001,0,nb,NA,2014,NA
425,sibut,1987,27.98828,95.27128,1,ds,week,2020,2
426,sibut,1987,27.990239,95.273447,1,ds,week,2020,NA
427,sibut,1987,27.986667,95.276851,0,ds,NA,2011,3
427,sibut,1986,28.015105,95.27836,1,ds,month,2020,12
428,sibut,1929,28.017458,95.223546,1,ds,year,2020,12
428,sibut,1987,27.99374,95.2654,1,nb,week,2021,6
428,sibut,1930,27.99492,95.24028,1,"nb,ob",week,2020,NA
429,sibut,2044,27.990296,95.289906,0,ds,NA,2017,NA
430,sibut,2044,27.9902,95.287066,0,ds,year,2017,NA
431,sibut,2044,27.996028,95.298822,0,ds,NA,2006,NA
432,sibut,2044,27.98903,95.29044,0,ds,NA,2011,3
432,sibut,1931,27.97441,95.22457,1,ds,NA,2021,5
433,sibut,2044,27.98878,95.28977,1,nb,week,2020,1
434,sibut,1931,27.97441,95.22457,1,ds,NA,2021,10
434,sibut,1930,27.99492,95.24028,1,ds,week,2020,11
435,sibut,2044,27.98845,95.29363,1,ds,NA,2021,11
436,sibut,1929,28.013007,95.243948,1,nb,month,2021,11
437,sibut,1987,27.994229,95.270188,1,nb,month,2021,8
437,sibut,2045,27.971877,95.299393,0,ds,year,2005,3
437,sibut,2044,27.98878,95.28977,0,ds,year,2011,12
437,sibut,2044,27.98845,95.29363,0,ds,year,2011,NA
438,takilalung,1986,28.010025,95.27192,1,nb,NA,2021,11
439,takilalung,1987,27.98332,95.26683,1,"nb,ob",week,2021,NA
439,takilalung,1986,28.009893,95.276886,0,ds,NA,2017,3
439,takilalung,1986,28.019331,95.278052,0,ds,NA,2012,11
440,takilalung,1988,27.95688,95.25259,1,ds,week,2020,1
441,takilalung,2043,28.02655,95.292367,0,ds,NA,2019,NA
442,takilalung,2044,27.993443,95.306749,0,ds,NA,2016,NA
442,takilalung,1987,27.990239,95.273447,1,ds,NA,2020,2
443,takilalung,1986,28.01216,95.266993,1,ds,week,2020,2
443,takilalung,2044,27.98845,95.29363,1,"nb,ob",week,2021,NA
444,takilalung,2044,28.004185,95.285601,1,ds,NA,2021,7
445,takilalung,2043,28.016505,95.289122,1,ds,week,2020,12
445,takilalung,1986,28.019331,95.278052,1,ds,NA,2020,12
446,takilalung,1987,27.990239,95.273447,1,ds,NA,2020,12
447,takilalung,1930,27.99492,95.24028,1,nb,week,2021,NA
444,takilalung,2044,27.99683,95.297744,1,nb,week,2021,NA
445,takilalung,2043,28.011188,95.288338,1,ds,NA,2020,NA
445,takilalung,1986,28.014809,95.275802,1,ds,NA,2021,NA
446,takilalung,1987,28.002629,95.271381,0,ds,NA,2018,NA
447,takilalung,1930,27.987108,95.226625,1,"nb,ob",week,2021,NA
448,yagrung,1930,27.99492,95.24028,1,"nb,ob",month,2021,NA
448,yagrung,1987,27.990239,95.273447,1,ds,week,2020,NA
449,yagrung,1930,27.99492,95.24028,1,nb,week,2021,11
449,yagrung,1988,27.96219,95.27222,1,ds,NA,2020,6
450,yagrung,1988,27.979192,95.262256,0,ds,NA,2010,12
451,yagrung,1988,27.979127,95.257001,1,nb,month,2020,NA
451,yagrung,1931,27.97441,95.22457,1,nb,month,2020,12
452,yagrung,1988,27.95688,95.25259,1,"nb,ob",year,2020,1
453,yagrung,1988,27.96219,95.27222,1,ds,year,2020,NA
453,yagrung,1987,27.990239,95.273447,0,"nb,ob",NA,2011,NA
454,yagrung,1988,27.96219,95.27222,1,"nb,ob",month,2020,NA
456,yagrung,1931,27.97441,95.22457,1,ds,NA,2020,NA
457,mangnang,2047,27.90103,95.28056,1,ds,year,2021,12
457,mangnang,1991,27.89718,95.27029,1,"nb,ob",month,2020,11
458,mangnang,2047,27.90506,95.28139,1,nb,month,2021,NA
459,mangnang,1991,27.89378,95.2768,0,ds,year,2016,3
459,mangnang,1990,27.908546,95.275993,0,ds,year,2016,NA
459,mangnang,2047,27.90185,95.28396,1,nb,year,2020,2
460,mangnang,1990,27.921404,95.272244,0,ds,NA,2011,NA
460,mangnang,1991,27.89378,95.2768,0,ds,NA,2009,NA
460,mangnang,1991,27.893788,95.269073,1,nb,week,2021,NA
460,mangnang,1990,27.901778,95.272058,1,nb,week,2021,2
461,mikong,1933,27.9204,95.2352,1,"nb,ob",week,2021,11
462,mikong,1933,27.91616,95.22683,1,"nb,ob",month,2020,NA
462,mikong,1875,27.93019,95.20463,1,"nb,ob",month,2020,NA
462,mikong,1876,27.92395,95.21454,1,nb,month,2020,NA
463,mikong,1875,27.94514,95.21169,0,ds,NA,1991,NA
463,mikong,1933,27.919052,95.239036,1,nb,NA,2020,3
464,mikong,1875,27.93753,95.20463,1,nb,week,2020,NA
464,mikong,1876,27.91029,95.19225,1,nb,month,2020,NA
464,mikong,1934,27.89754,95.24196,1,nb,month,2020,NA
465,mikong,1875,27.93166,95.19803,0,ds,NA,2016,3
465,mikong,1933,27.91139,95.23755,1,"nb,ob",week,2020,NA
465,mikong,1932,27.929,95.23058,1,nb,week,2021,NA
466,mikong,1933,27.91249,95.22316,1,ob,week,2021,NA
466,mikong,1932,27.93312,95.24517,1,ds,NA,2020,12
467,mikong,1933,27.91671,95.22893,0,ds,NA,2017,NA
468,mikong,1933,27.9177,95.2307,1,"nb,ob",month,2020,NA
469,mikong,1932,27.929,95.23058,1,nb,month,2020,10
469,mikong,1933,27.9091,95.23774,0,ds,NA,2008,NA
469,mikong,1933,27.91432,95.23609,1,nb,week,2020,NA
469,mikong,1933,27.91166,95.23618,0,ds,NA,2018,NA
469,mikong,1934,27.8974,95.2428,1,"nb,ob",month,2020,NA
469,mikong,1933,27.9221,95.2259,1,ds,year,2020,NA
469,mikong,1933,27.9204,95.2352,0,ds,year,2018,NA
470,mikong,1876,27.9114,95.2145,0,ds,year,2019,NA
470,mikong,1932,27.9389,95.2349,1,"nb,ob",week,2020,NA
470,mikong,1933,27.9177,95.2307,1,ds,NA,2021,9
471,niglok,1934,27.8883,95.2449,0,ds,NA,2015,NA
471,niglok,1876,27.9216,95.2134,1,nb,week,2020,NA
472,niglok,1934,27.8892,95.2451,1,nb,week,2020,NA
472,niglok,1934,27.8926,95.2409,0,ds,NA,2016,NA
473,niglok,1934,27.8977,95.2457,1,ds,week,2021,10
474,niglok,1819,27.9214,95.1752,1,ds,month,2020,NA
474,niglok,1819,27.9227,95.1829,0,ds,month,2019,3
474,niglok,1990,27.9186,95.2641,1,ds,month,2021,3
474,niglok,1990,27.916,95.2751,1,ds,month,2020,2
475,niglok,1934,27.8921,95.2237,0,ds,week,2018,NA
475,niglok,1933,27.904,95.2219,0,ds,year,2007,NA
475,niglok,1990,27.9138,95.2671,1,nb,year,2021,12
476,ralung,1877,27.8798,95.2098,1,nb,month,2020,NA
477,ralung,1877,27.8827,95.2145,1,ds,month,2020,3
477,ralung,1877,27.8759,95.2127,1,nb,week,2021,NA
478,ralung,1877,27.8754,95.2158,1,nb,week,2021,12
479,ralung,1877,27.8775,95.2077,1,nb,month,2021,NA
479,ralung,1877,27.8763,95.2114,0,ds,NA,2019,12
480,ralung,1877,27.8774,95.2089,0,ds,year,2001,4
481,ralung,1934,27.8921,95.2416,1,ds,NA,2020,6
481,ralung,1934,27.8925,95.2426,1,nb,month,2021,NA
482,ngorlung,1934,27.8907,95.246,1,nb,year,2020,NA
483,ngorlung,1877,27.8758,95.2002,1,ds,year,2020,11
484,ngorlung,1935,27.871,95.2413,1,ds,NA,2020,NA
484,ngorlung,1934,27.8884,95.2432,1,nb,month,2021,NA
485,ngorlung,1935,27.8666,95.2385,1,ob,month,2020,NA
485,ngorlung,1877,27.8759,95.1961,0,ds,NA,2017,NA
486,ngorlung,1877,27.8758,95.2034,1,ds,year,2020,10
486,ngorlung,1877,27.8758,95.2091,1,nb,year,2021,11
487,debbing,1764,27.8514,95.1424,1,"nb,ob",year,2021,NA
488,debbing,1764,27.85061,95.14712,0,ds,year,2015,NA
489,debbing,1764,27.84907,95.15138,0,ds,year,2016,NA
489,debbing,1764,27.85223,95.13926,0,ds,NA,2013,NA
489,debbing,1764,27.850844,95.143867,1,ds,NA,2020,NA
490,debbing,1764,27.84971,95.14345,0,ds,year,2017,NA
490,debbing,1705,27.92529,95.1191,1,ds,year,2020,3
490,debbing,1764,27.86166667,95.14361111,1,nb,year,2020,1
491,rayang,1764,27.84907,95.15138,1,ds,NA,2021,11
492,rayang,1764,27.85223,95.13926,0,ds,NA,2004,NA
492,rayang,1878,27.852823,95.199964,1,ob,month,2020,NA
493,linka,1991,27.875,95.25,1,"nb,ob",month,2020,4
493,linka,1991,27.8774,95.2752,0,ds,NA,2006,NA
494,linka,2049,27.86861111,95.29111111,1,ds,week,2021,11
495,linka,1934,27.8907,95.246,0,ds,month,2016,3
496,twelve mile,2047,27.903592,95.286465,1,nb,month,2021,12
497,twelve mile,2047,27.901494,95.290836,1,nb,month,2021,10
498,twelve mile,2048,27.89333333,95.2925,1,nb,month,2021,12
499,oyan,2105,27.88305556,95.32972222,0,ds,NA,2019,NA
499,oyan,2105,27.88,95.3311,1,"nb,ob",week,2021,NA
499,oyan,2162,27.8745,95.3642,1,"nb,ob",week,2021,NA
499,oyan,2105,27.88958,95.32015,1,ds,year,2020,NA
500,oyan,2105,27.89123,95.32106,1,ds,year,2020,NA
500,oyan,2105,27.88793,95.3204,0,ds,year,2019,NA
500,oyan,2105,27.88444444,95.33055556,0,ds,year,2019,NA
500,oyan,2161,27.919957,95.362606,1,ds,year,2020,NA
501,oyan,2162,27.88555556,95.36388889,1,ds,year,2020,5
501,oyan,2105,27.873315,95.332801,0,ds,year,2019,NA
502,oyan,2104,27.90444444,95.32611111,1,ds,NA,2020,5
503,oyan,2162,27.879084,95.359886,0,ds,week,2018,2
503,oyan,2162,27.882203,95.344939,0,ds,NA,2019,NA
504,oyan,2105,27.8825,95.32833333,0,ds,NA,2019,2
504,oyan,2105,27.88277778,95.31583333,1,ds,NA,2020,6
505,sille,2047,27.902567,95.282114,0,ds,month,2017,7
505,sille,2048,27.89861111,95.28888889,1,"nb,ob",month,2021,12
505,sille,2047,27.90305556,95.28611111,0,ds,NA,2019,1
506,sille,2104,27.89861111,95.32972222,0,ds,month,2018,NA
506,sille,2104,27.90867,95.33809,0,ds,NA,2019,NA
507,sille,2047,27.9026,95.2897,1,"nb,ob",week,2021,NA
507,sille,2048,27.8794,95.2861,1,"nb,ob",NA,2021,NA
507,sille,2047,27.90388889,95.28777778,1,ds,NA,2020,NA
508,sille,1992,27.86138889,95.26583333,0,ds,NA,2008,NA
509,sille,2047,27.90333333,95.28416667,0,ds,NA,2016,NA
510,sille,2048,27.873502,95.286685,1,"nb,ob",month,2020,NA
511,sille,2047,27.90277778,95.28972222,1,"nb,ob",month,2021,NA
511,sille,2048,27.8975,95.29166667,1,ob,month,2020,NA
512,sille,2049,27.86666667,95.28333333,0,ds,week,2017,12
512,sille,2048,27.88711,95.282537,0,ds,week,2018,NA
512,sille,2048,27.8769,95.2822,0,ds,week,2018,3
513,sille,1991,27.88833333,95.27527778,1,nb,week,2021,NA
513,sille,2047,27.90527778,95.2825,1,nb,month,2021,NA
514,sille,2047,27.90388889,95.28888889,1,nb,month,2021,NA
515,berung,2159,27.97888889,95.35777778,1,"nb,ob",month,2020,12
515,berung,2160,27.943222,95.362461,0,nb,month,2019,NA
515,berung,2160,27.947695,95.356864,0,ds,NA,2014,NA
516,berung,2158,27.98861111,95.3625,0,ds,NA,2016,11
516,berung,2158,28.00236,95.350588,0,ds,NA,2004,NA
517,berung,2159,27.9725,95.36277778,1,"nb,ob",month,2020,11
517,berung,2159,27.96,95.35388889,1,nb,month,2020,12
518,berung,2158,27.990338,95.360454,1,ds,month,2021,10
518,berung,2158,27.989661,95.357143,1,nb,month,2021,12
519,berung,2158,27.98222222,95.3575,0,ds,NA,2013,NA
520,berung,2159,27.97388889,95.36111111,0,ds,NA,2013,NA
520,berung,2158,27.97944444,95.35555556,0,ds,NA,2006,NA
521,berung,2159,27.95861111,95.35138889,1,ds,year,2020,1
521,berung,2159,27.9583,95.355,1,ds,year,2021,11
522,berung,2158,27.98083333,95.3575,1,nb,year,2020,2
523,berung,2159,27.96027778,95.35194444,1,nb,NA,2020,12
524,berung,2160,27.9399,95.3626,1,nb,NA,2020,3
524,berung,2160,27.9389,95.3597,0,ds,NA,2017,1
525,berung,2160,27.938307,95.352578,0,ds,NA,2011,NA
525,berung,2159,27.95544,95.356228,0,ds,NA,2009,NA
526,berung,2159,27.96861111,95.36222222,1,ds,month,2020,2
526,berung,2216,27.962575,95.375383,1,"nb,ob",year,2020,3
527,rani,2102,27.97333333,95.325,0,ds,NA,2018,NA
527,rani,2102,27.95805556,95.31361111,1,ob,NA,2020,NA
528,rani,2158,27.98083333,95.37111111,1,nb,year,2021,11
528,rani,2216,27.97166667,95.38111111,1,ds,NA,2021,12
528,rani,1876,27.9124,95.2082,1,nb,month,2021,12
529,rani,2159,27.95333333,95.35444444,1,nb,month,2021,12
529,rani,2102,27.96944444,95.31916667,1,"nb,ob",year,2021,11
530,rani,2102,27.97023,95.31201,0,ds,year,2016,12
530,rani,2102,27.96975,95.31634,0,ds,year,2017,NA
530,rani,2102,27.97015,95.31201,1,ds,year,2021,1
531,rani,2102,27.96943,95.32026,0,ds,NA,2011,12
531,rani,2102,27.96863,95.32194,0,ds,NA,2018,NA
532,rani,2103,27.94027778,95.31472222,0,ds,NA,2006,NA
532,rani,2102,27.969867,95.319678,1,ds,NA,2020,12
532,rani,2102,27.96783,95.32346,0,ds,NA,2016,NA
533,rani,2215,27.99583333,95.375,0,ds,month,2019,NA
534,rani,2157,28.02194444,95.36916667,1,"nb,ob",week,2021,NA
534,rani,2102,27.96805556,95.31083333,1,ds,year,2020,12
535,rani,2046,27.93777778,95.3075,0,ds,NA,2016,NA
535,rani,2045,27.96861111,95.31,1,"nb,ob",year,2021,NA
536,rani,2102,27.96916667,95.31138889,1,nb,month,2021,NA
536,rani,2044,27.98388889,95.30611111,0,ds,NA,2015,6
537,sika bamin,2105,27.88444444,95.32138889,0,ds,NA,2018,NA
538,sika bamin,2162,27.87888889,95.36,1,"nb,ob",week,2021,NA
539,sika bamin,2161,27.91277778,95.34361111,1,nb,year,2021,NA
539,sika bamin,2161,27.91083333,95.34111111,0,ds,NA,2019,12
540,sika bamin,2161,27.906889,95.343347,1,ds,NA,2021,11
541,sika bamin,2161,27.89972222,95.34722222,0,ds,NA,2018,NA
542,sika bamin,2159,27.95527778,95.35527778,1,ds,month,2021,10
543,sika bamin,2161,27.90472222,95.34694444,1,ds,month,2021,NA
544,sika bamin,2161,27.91722222,95.36583333,0,ds,year,2018,11
544,sika bamin,2161,27.92388889,95.355,1,"nb,ob",year,2021,NA
545,sika tode,2159,27.95972222,95.35944444,1,"nb,ob",month,2021,NA
545,sika tode,2159,27.95305556,95.35583333,1,"nb,ob",month,2021,NA
545,sika tode,2160,27.95166667,95.35638889,0,ds,NA,2019,1
546,sika tode,2160,27.94027778,95.34166667,0,ds,year,2015,12
546,sika tode,2160,27.93833333,95.34194444,0,ds,NA,2017,6
547,sika tode,2160,27.94444444,95.36222222,1,ds,month,2020,12
547,sika tode,2160,27.94916667,95.3425,0,ds,month,2014,NA
548,sika tode,2160,27.93666667,95.34222222,0,ds,NA,2012,6
548,sika tode,2160,27.95083333,95.36277778,1,nb,week,2020,2
549,sika tode,2103,27.94638889,95.32166667,1,ds,NA,2021,6
551,ngopok,2440,28.07388889,95.50666667,0,ds,NA,2010,NA
551,ngopok,2384,28.05444444,95.47777778,0,"nb,ob",month,2019,NA
552,ngopok,2440,28.065801,95.517239,0,ds,month,2012,NA
552,ngopok,2440,28.069284,95.503147,1,"nb,ob",month,2021,NA
553,ngopok,2382,28.090162,95.478567,0,ds,NA,2016,NA
554,ngopok,2382,28.09638889,95.47138889,1,nb,year,2021,11
554,ngopok,2384,28.05527778,95.47805556,1,nb,year,2021,12
554,ngopok,2383,28.07444444,95.47055556,0,ds,year,2011,NA
555,ngopok,2439,28.08916667,95.50194444,1,ds,year,2021,11
555,ngopok,2382,28.10138889,95.475,1,"nb,ob",week,2020,1
555,ngopok,2382,28.08972222,95.46722222,1,ds,year,2020,12
555,ngopok,2382,28.08861111,95.4725,1,ds,year,2021,1
556,ngopok,2382,28.100811,95.474655,1,ds,NA,2021,11
557,ngopok,2383,28.08083333,95.48277778,1,ds,NA,2020,12
557,ngopok,2440,28.06472222,95.49583333,0,ds,year,2019,NA
558,ngopok,2384,28.05416667,95.47583333,1,nb,week,2021,3
558,ngopok,2440,28.06361111,95.5175,1,nb,NA,2021,12
559,ngopok,2383,28.06388889,95.4925,0,ds,NA,2013,NA
560,ngopok,2382,28.095026,95.471791,1,ds,NA,2021,1
561,ngopok,2439,28.08555556,95.51972222,1,ds,NA,2021,10
562,ngopok,2440,28.08194444,95.51694444,1,nb,year,2021,9
563,ngopok,2440,28.07888889,95.50305556,1,ds,NA,2020,NA
564,rengging,1981,28.144289,95.274665,1,nb,NA,2021,12
565,rengging,1981,28.145642,95.269385,1,nb,NA,2022,3
566,rengging,1981,28.145549,95.267884,1,nb,NA,2022,2
567,rengging,1982,28.127786,95.282411,1,ds,NA,2022,3
568,rengging,1981,28.145686,95.266927,1,nb,NA,2021,NA
568,rengging,2039,28.1274,95.286536,0,ds,NA,2017,NA
569,rengging,1982,28.14073,95.276746,0,nb,NA,2017,5
570,pasighat,2210,28.122179,95.401589,1,nb,year,2022,3
570,pasighat,2210,28.130996,95.397877,1,nb,year,2021,3
571,silluk,2380,28.147741,95.482106,1,ds,NA,2023,NA
